match_id,fecha,fase,competencia,tiempo_restante,tiempo_juego,numero_evento,#,jugador,nombre,apellidos,equipo,pts_local,pts_visita,diferencia_pts,periodo,tipo_periodo,evento,resultado_evento,tipo_evento,evento_previo,descripcion
2607028,2024-12-15,Final four,LNB 2,10:00,00:00,1,,,,,,0,0,0,1,REGULAR,game,1,start,,[]
2607028,2024-12-15,Final four,LNB 2,10:00,00:00,2,,,,,,0,0,0,1,REGULAR,period,1,start,,[]
2607028,2024-12-15,Final four,LNB 2,10:00,00:00,4,,,,,,0,0,0,1,REGULAR,jumpball,1,startperiod,,[]
2607028,2024-12-15,Final four,LNB 2,09:58,00:02,5,55,A. Galaviz Diaz,Angel,Galaviz Diaz,CORP. DEP. BOSTON COLLEGE,0,0,0,1,REGULAR,jumpball,1,won,4,[]
2607028,2024-12-15,Final four,LNB 2,09:58,00:02,6,15,A. Robinson Jr,Antone Dean,Robinson Jr,CD ILLAPEL BASQUETBOL,0,0,0,1,REGULAR,jumpball,1,lost,4,[]
2607028,2024-12-15,Final four,LNB 2,09:41,00:19,7,55,A. Galaviz Diaz,Angel,Galaviz Diaz,CORP. DEP. BOSTON COLLEGE,0,0,0,1,REGULAR,turnover,1,badpass,,[]
2607028,2024-12-15,Final four,LNB 2,09:41,00:19,8,11,S. Chialva Balut,Sergio,Chialva Balut,CD ILLAPEL BASQUETBOL,0,0,0,1,REGULAR,steal,1,,7,[]
2607028,2024-12-15,Final four,LNB 2,09:22,00:38,12,11,S. Chialva Balut,Sergio,Chialva Balut,CD ILLAPEL BASQUETBOL,2,0,2,1,REGULAR,2pt,1,layup,,"['fromturnover', 'pointsinthepaint']"
2607028,2024-12-15,Final four,LNB 2,09:22,00:38,13,5,E. Sepulveda Soto,Eduardo,Sepulveda Soto,CD ILLAPEL BASQUETBOL,2,0,2,1,REGULAR,assist,1,,12,[]
2607028,2024-12-15,Final four,LNB 2,09:11,00:49,15,23,V. Schulz Morend,Vicente H.,Schulz Morend,CORP. DEP. BOSTON COLLEGE,2,2,0,1,REGULAR,2pt,1,layup,,['pointsinthepaint']
2607028,2024-12-15,Final four,LNB 2,09:11,00:49,16,77,L. Marquez Dogliotti,Lucas,Marquez Dogliotti,CORP. DEP. BOSTON COLLEGE,2,2,0,1,REGULAR,assist,1,,15,[]
2607028,2024-12-15,Final four,LNB 2,08:50,01:10,17,15,A. Robinson Jr,Antone Dean,Robinson Jr,CD ILLAPEL BASQUETBOL,4,2,2,1,REGULAR,2pt,1,pullupjumpshot,,[]
2607028,2024-12-15,Final four,LNB 2,08:37,01:23,18,13,C. Ordonez Lucero,Cristobal J.,Ordonez Lucero,CORP. DEP. BOSTON COLLEGE,4,2,2,1,REGULAR,3pt,0,jumpshot,,[]
2607028,2024-12-15,Final four,LNB 2,08:33,01:27,19,15,A. Robinson Jr,Antone Dean,Robinson Jr,CD ILLAPEL BASQUETBOL,4,2,2,1,REGULAR,rebound,1,defensive,18,[]
2607028,2024-12-15,Final four,LNB 2,08:25,01:35,21,77,L. Marquez Dogliotti,Lucas,Marquez Dogliotti,CORP. DEP. BOSTON COLLEGE,4,2,2,1,REGULAR,foul,1,personal,,[]
2607028,2024-12-15,Final four,LNB 2,08:25,01:35,22,11,S. Chialva Balut,Sergio,Chialva Balut,CD ILLAPEL BASQUETBOL,4,2,2,1,REGULAR,foulon,1,,21,[]
2607028,2024-12-15,Final four,LNB 2,08:22,01:38,25,13,M. Sepulveda Soto,Matias,Sepulveda Soto,CD ILLAPEL BASQUETBOL,6,2,4,1,REGULAR,2pt,1,eurostep,,['pointsinthepaint']
2607028,2024-12-15,Final four,LNB 2,08:22,01:38,26,77,L. Marquez Dogliotti,Lucas,Marquez Dogliotti,CORP. DEP. BOSTON COLLEGE,6,2,4,1,REGULAR,foul,1,personal,,"['shooting', '1freethrow']"
2607028,2024-12-15,Final four,LNB 2,08:22,01:38,27,13,M. Sepulveda Soto,Matias,Sepulveda Soto,CD ILLAPEL BASQUETBOL,6,2,4,1,REGULAR,foulon,1,,26,[]
2607028,2024-12-15,Final four,LNB 2,08:22,01:38,28,13,M. Sepulveda Soto,Matias,Sepulveda Soto,CD ILLAPEL BASQUETBOL,7,2,5,1,REGULAR,freethrow,1,1of1,,[]
2607028,2024-12-15,Final four,LNB 2,08:04,01:56,30,77,L. Marquez Dogliotti,Lucas,Marquez Dogliotti,CORP. DEP. BOSTON COLLEGE,7,2,5,1,REGULAR,2pt,0,floatingjumpshot,,['pointsinthepaint']
2607028,2024-12-15,Final four,LNB 2,08:03,01:57,32,,,,,CORP. DEP. BOSTON COLLEGE,7,2,5,1,REGULAR,rebound,1,offensive,30,['team']
2607028,2024-12-15,Final four,LNB 2,07:59,02:01,34,7,G. Soto Contreras,Gabriel A.,Soto Contreras,CORP. DEP. BOSTON COLLEGE,7,2,5,1,REGULAR,2pt,0,pullupjumpshot,,"['2ndchance', 'pointsinthepaint']"
2607028,2024-12-15,Final four,LNB 2,07:55,02:05,35,23,V. Schulz Morend,Vicente H.,Schulz Morend,CORP. DEP. BOSTON COLLEGE,7,2,5,1,REGULAR,rebound,1,offensive,34,[]
2607028,2024-12-15,Final four,LNB 2,07:54,02:06,36,13,C. Ordonez Lucero,Cristobal J.,Ordonez Lucero,CORP. DEP. BOSTON COLLEGE,7,5,2,1,REGULAR,3pt,1,jumpshot,,['2ndchance']
2607028,2024-12-15,Final four,LNB 2,07:54,02:06,37,23,V. Schulz Morend,Vicente H.,Schulz Morend,CORP. DEP. BOSTON COLLEGE,7,5,2,1,REGULAR,assist,1,,36,[]
2607028,2024-12-15,Final four,LNB 2,07:39,02:21,39,29,F. Villagran Veliz,Fernando J.,Villagran Veliz,CD ILLAPEL BASQUETBOL,7,5,2,1,REGULAR,turnover,1,travel,,[]
2607028,2024-12-15,Final four,LNB 2,07:21,02:39,41,77,L. Marquez Dogliotti,Lucas,Marquez Dogliotti,CORP. DEP. BOSTON COLLEGE,7,5,2,1,REGULAR,2pt,0,pullupjumpshot,,"['fromturnover', 'pointsinthepaint']"
2607028,2024-12-15,Final four,LNB 2,07:18,02:42,42,29,F. Villagran Veliz,Fernando J.,Villagran Veliz,CD ILLAPEL BASQUETBOL,7,5,2,1,REGULAR,rebound,1,defensive,41,[]
2607028,2024-12-15,Final four,LNB 2,07:16,02:44,43,5,E. Sepulveda Soto,Eduardo,Sepulveda Soto,CD ILLAPEL BASQUETBOL,7,5,2,1,REGULAR,3pt,0,jumpshot,,[]
2607028,2024-12-15,Final four,LNB 2,07:13,02:47,44,23,V. Schulz Morend,Vicente H.,Schulz Morend,CORP. DEP. BOSTON COLLEGE,7,5,2,1,REGULAR,rebound,1,defensive,43,[]
2607028,2024-12-15,Final four,LNB 2,07:02,02:58,45,13,C. Ordonez Lucero,Cristobal J.,Ordonez Lucero,CORP. DEP. BOSTON COLLEGE,7,8,-1,1,REGULAR,3pt,1,pullupjumpshot,,[]
2607028,2024-12-15,Final four,LNB 2,06:49,03:11,46,29,F. Villagran Veliz,Fernando J.,Villagran Veliz,CD ILLAPEL BASQUETBOL,7,8,-1,1,REGULAR,turnover,1,badpass,,[]
2607028,2024-12-15,Final four,LNB 2,06:49,03:11,47,13,C. Ordonez Lucero,Cristobal J.,Ordonez Lucero,CORP. DEP. BOSTON COLLEGE,7,8,-1,1,REGULAR,steal,1,,46,[]
2607028,2024-12-15,Final four,LNB 2,06:43,03:17,49,29,F. Villagran Veliz,Fernando J.,Villagran Veliz,CD ILLAPEL BASQUETBOL,7,8,-1,1,REGULAR,foul,1,unsportsmanlike,,['2freethrow']
2607028,2024-12-15,Final four,LNB 2,06:43,03:17,50,77,L. Marquez Dogliotti,Lucas,Marquez Dogliotti,CORP. DEP. BOSTON COLLEGE,7,8,-1,1,REGULAR,foulon,1,,49,[]
2607028,2024-12-15,Final four,LNB 2,06:43,03:17,51,29,F. Villagran Veliz,Fernando J.,Villagran Veliz,CD ILLAPEL BASQUETBOL,7,8,-1,1,REGULAR,substitution,1,out,,[]
2607028,2024-12-15,Final four,LNB 2,06:43,03:17,52,9,F. Gonzalez Burgos,Felipe,Gonzalez Burgos,CD ILLAPEL BASQUETBOL,7,8,-1,1,REGULAR,substitution,1,in,,[]
2607028,2024-12-15,Final four,LNB 2,06:43,03:17,53,77,L. Marquez Dogliotti,Lucas,Marquez Dogliotti,CORP. DEP. BOSTON COLLEGE,7,9,-2,1,REGULAR,freethrow,1,1of2,,['fromturnover']
2607028,2024-12-15,Final four,LNB 2,06:43,03:17,54,7,G. Soto Contreras,Gabriel A.,Soto Contreras,CORP. DEP. BOSTON COLLEGE,7,9,-2,1,REGULAR,assist,1,,53,[]
2607028,2024-12-15,Final four,LNB 2,06:43,03:17,55,77,L. Marquez Dogliotti,Lucas,Marquez Dogliotti,CORP. DEP. BOSTON COLLEGE,7,9,-2,1,REGULAR,freethrow,0,2of2,,['fromturnover']
2607028,2024-12-15,Final four,LNB 2,06:39,03:21,58,23,V. Schulz Morend,Vicente H.,Schulz Morend,CORP. DEP. BOSTON COLLEGE,7,9,-2,1,REGULAR,turnover,1,ballhandling,,[]
2607028,2024-12-15,Final four,LNB 2,06:28,03:32,60,13,M. Sepulveda Soto,Matias,Sepulveda Soto,CD ILLAPEL BASQUETBOL,7,9,-2,1,REGULAR,3pt,0,jumpshot,,['fromturnover']
2607028,2024-12-15,Final four,LNB 2,06:24,03:36,61,77,L. Marquez Dogliotti,Lucas,Marquez Dogliotti,CORP. DEP. BOSTON COLLEGE,7,9,-2,1,REGULAR,rebound,1,defensive,60,[]
2607028,2024-12-15,Final four,LNB 2,06:13,03:47,62,23,V. Schulz Morend,Vicente H.,Schulz Morend,CORP. DEP. BOSTON COLLEGE,7,9,-2,1,REGULAR,3pt,0,jumpshot,,[]
2607028,2024-12-15,Final four,LNB 2,06:10,03:50,63,7,G. Soto Contreras,Gabriel A.,Soto Contreras,CORP. DEP. BOSTON COLLEGE,7,9,-2,1,REGULAR,rebound,1,offensive,62,[]
2607028,2024-12-15,Final four,LNB 2,06:07,03:53,64,77,L. Marquez Dogliotti,Lucas,Marquez Dogliotti,CORP. DEP. BOSTON COLLEGE,7,9,-2,1,REGULAR,2pt,0,floatingjumpshot,,"['2ndchance', 'pointsinthepaint']"
2607028,2024-12-15,Final four,LNB 2,06:05,03:55,66,,,,,CORP. DEP. BOSTON COLLEGE,7,9,-2,1,REGULAR,rebound,1,offensive,64,['team']
2607028,2024-12-15,Final four,LNB 2,05:57,04:03,68,7,G. Soto Contreras,Gabriel A.,Soto Contreras,CORP. DEP. BOSTON COLLEGE,7,9,-2,1,REGULAR,3pt,0,pullupjumpshot,,['2ndchance']
2607028,2024-12-15,Final four,LNB 2,05:53,04:07,69,13,M. Sepulveda Soto,Matias,Sepulveda Soto,CD ILLAPEL BASQUETBOL,7,9,-2,1,REGULAR,rebound,1,defensive,68,[]
2607028,2024-12-15,Final four,LNB 2,05:43,04:17,70,15,A. Robinson Jr,Antone Dean,Robinson Jr,CD ILLAPEL BASQUETBOL,10,9,1,1,REGULAR,3pt,1,jumpshot,,[]
2607028,2024-12-15,Final four,LNB 2,05:43,04:17,71,13,M. Sepulveda Soto,Matias,Sepulveda Soto,CD ILLAPEL BASQUETBOL,10,9,1,1,REGULAR,assist,1,,70,[]
2607028,2024-12-15,Final four,LNB 2,05:30,04:30,73,55,A. Galaviz Diaz,Angel,Galaviz Diaz,CORP. DEP. BOSTON COLLEGE,10,9,1,1,REGULAR,turnover,1,ballhandling,,[]
2607028,2024-12-15,Final four,LNB 2,05:30,04:30,74,11,S. Chialva Balut,Sergio,Chialva Balut,CD ILLAPEL BASQUETBOL,10,9,1,1,REGULAR,steal,1,,73,[]
2607028,2024-12-15,Final four,LNB 2,05:30,04:30,75,23,V. Schulz Morend,Vicente H.,Schulz Morend,CORP. DEP. BOSTON COLLEGE,10,9,1,1,REGULAR,substitution,1,out,,[]
2607028,2024-12-15,Final four,LNB 2,05:30,04:30,76,55,A. Galaviz Diaz,Angel,Galaviz Diaz,CORP. DEP. BOSTON COLLEGE,10,9,1,1,REGULAR,substitution,1,out,,[]
2607028,2024-12-15,Final four,LNB 2,05:30,04:30,77,3,G. Fernandez Castro,Gaston I.,Fernandez Castro,CORP. DEP. BOSTON COLLEGE,10,9,1,1,REGULAR,substitution,1,in,,[]
2607028,2024-12-15,Final four,LNB 2,05:30,04:30,78,22,H. Reyes Mosquera,Hebert J.,Reyes Mosquera,CORP. DEP. BOSTON COLLEGE,10,9,1,1,REGULAR,substitution,1,in,,[]
2607028,2024-12-15,Final four,LNB 2,05:17,04:43,80,13,M. Sepulveda Soto,Matias,Sepulveda Soto,CD ILLAPEL BASQUETBOL,10,9,1,1,REGULAR,2pt,0,hookshot,,"['fromturnover', 'pointsinthepaint']"
2607028,2024-12-15,Final four,LNB 2,05:12,04:48,81,22,H. Reyes Mosquera,Hebert J.,Reyes Mosquera,CORP. DEP. BOSTON COLLEGE,10,9,1,1,REGULAR,rebound,1,defensive,80,[]
2607028,2024-12-15,Final four,LNB 2,05:11,04:49,83,9,F. Gonzalez Burgos,Felipe,Gonzalez Burgos,CD ILLAPEL BASQUETBOL,10,9,1,1,REGULAR,foul,1,personal,,[]
2607028,2024-12-15,Final four,LNB 2,05:11,04:49,84,77,L. Marquez Dogliotti,Lucas,Marquez Dogliotti,CORP. DEP. BOSTON COLLEGE,10,9,1,1,REGULAR,foulon,1,,83,[]
2607028,2024-12-15,Final four,LNB 2,05:11,04:49,85,11,S. Chialva Balut,Sergio,Chialva Balut,CD ILLAPEL BASQUETBOL,10,9,1,1,REGULAR,foul,1,unsportsmanlike,,['2freethrow']
2607028,2024-12-15,Final four,LNB 2,05:11,04:49,86,77,L. Marquez Dogliotti,Lucas,Marquez Dogliotti,CORP. DEP. BOSTON COLLEGE,10,9,1,1,REGULAR,foulon,1,,85,[]
2607028,2024-12-15,Final four,LNB 2,05:11,04:49,87,,,,,CD ILLAPEL BASQUETBOL,10,9,1,1,REGULAR,headcoachchallenge,1,foul,,['rejected']
2607028,2024-12-15,Final four,LNB 2,05:11,04:49,88,77,L. Marquez Dogliotti,Lucas,Marquez Dogliotti,CORP. DEP. BOSTON COLLEGE,10,10,0,1,REGULAR,freethrow,1,1of2,,[]
2607028,2024-12-15,Final four,LNB 2,05:11,04:49,89,77,L. Marquez Dogliotti,Lucas,Marquez Dogliotti,CORP. DEP. BOSTON COLLEGE,10,10,0,1,REGULAR,freethrow,0,2of2,,[]
2607028,2024-12-15,Final four,LNB 2,04:55,05:05,91,13,C. Ordonez Lucero,Cristobal J.,Ordonez Lucero,CORP. DEP. BOSTON COLLEGE,10,10,0,1,REGULAR,3pt,0,jumpshot,,[]
2607028,2024-12-15,Final four,LNB 2,04:52,05:08,92,3,G. Fernandez Castro,Gaston I.,Fernandez Castro,CORP. DEP. BOSTON COLLEGE,10,10,0,1,REGULAR,rebound,1,offensive,91,[]
2607028,2024-12-15,Final four,LNB 2,04:52,05:08,94,11,S. Chialva Balut,Sergio,Chialva Balut,CD ILLAPEL BASQUETBOL,10,10,0,1,REGULAR,foul,1,personal,,[]
2607028,2024-12-15,Final four,LNB 2,04:52,05:08,95,3,G. Fernandez Castro,Gaston I.,Fernandez Castro,CORP. DEP. BOSTON COLLEGE,10,10,0,1,REGULAR,foulon,1,,94,[]
2607028,2024-12-15,Final four,LNB 2,04:52,05:08,96,11,S. Chialva Balut,Sergio,Chialva Balut,CD ILLAPEL BASQUETBOL,10,10,0,1,REGULAR,substitution,1,out,,[]
2607028,2024-12-15,Final four,LNB 2,04:52,05:08,97,6,R. Rojas Gonzalez,Rodrigo,Rojas Gonzalez,CD ILLAPEL BASQUETBOL,10,10,0,1,REGULAR,substitution,1,in,,[]
2607028,2024-12-15,Final four,LNB 2,04:38,05:22,99,77,L. Marquez Dogliotti,Lucas,Marquez Dogliotti,CORP. DEP. BOSTON COLLEGE,10,10,0,1,REGULAR,2pt,0,pullupjumpshot,,['2ndchance']
2607028,2024-12-15,Final four,LNB 2,04:35,05:25,100,9,F. Gonzalez Burgos,Felipe,Gonzalez Burgos,CD ILLAPEL BASQUETBOL,10,10,0,1,REGULAR,rebound,1,defensive,99,[]
2607028,2024-12-15,Final four,LNB 2,04:32,05:28,101,15,A. Robinson Jr,Antone Dean,Robinson Jr,CD ILLAPEL BASQUETBOL,10,10,0,1,REGULAR,2pt,0,layup,,['pointsinthepaint']
2607028,2024-12-15,Final four,LNB 2,04:29,05:31,102,5,E. Sepulveda Soto,Eduardo,Sepulveda Soto,CD ILLAPEL BASQUETBOL,10,10,0,1,REGULAR,rebound,1,offensive,101,[]
2607028,2024-12-15,Final four,LNB 2,04:15,05:45,103,9,F. Gonzalez Burgos,Felipe,Gonzalez Burgos,CD ILLAPEL BASQUETBOL,10,10,0,1,REGULAR,2pt,0,hookshot,,"['2ndchance', 'pointsinthepaint']"
2607028,2024-12-15,Final four,LNB 2,04:13,05:47,104,3,G. Fernandez Castro,Gaston I.,Fernandez Castro,CORP. DEP. BOSTON COLLEGE,10,10,0,1,REGULAR,rebound,1,defensive,103,[]
2607028,2024-12-15,Final four,LNB 2,03:56,06:04,105,7,G. Soto Contreras,Gabriel A.,Soto Contreras,CORP. DEP. BOSTON COLLEGE,10,10,0,1,REGULAR,3pt,0,jumpshot,,[]
2607028,2024-12-15,Final four,LNB 2,03:51,06:09,106,5,E. Sepulveda Soto,Eduardo,Sepulveda Soto,CD ILLAPEL BASQUETBOL,10,10,0,1,REGULAR,rebound,1,defensive,105,[]
2607028,2024-12-15,Final four,LNB 2,03:40,06:20,107,5,E. Sepulveda Soto,Eduardo,Sepulveda Soto,CD ILLAPEL BASQUETBOL,10,10,0,1,REGULAR,2pt,0,pullupjumpshot,,[]
2607028,2024-12-15,Final four,LNB 2,03:38,06:22,108,77,L. Marquez Dogliotti,Lucas,Marquez Dogliotti,CORP. DEP. BOSTON COLLEGE,10,10,0,1,REGULAR,rebound,1,defensive,107,[]
2607028,2024-12-15,Final four,LNB 2,03:28,06:32,109,22,H. Reyes Mosquera,Hebert J.,Reyes Mosquera,CORP. DEP. BOSTON COLLEGE,10,12,-2,1,REGULAR,2pt,1,jumpshot,,[]
2607028,2024-12-15,Final four,LNB 2,03:28,06:32,110,77,L. Marquez Dogliotti,Lucas,Marquez Dogliotti,CORP. DEP. BOSTON COLLEGE,10,12,-2,1,REGULAR,assist,1,,109,[]
2607028,2024-12-15,Final four,LNB 2,03:12,06:48,111,6,R. Rojas Gonzalez,Rodrigo,Rojas Gonzalez,CD ILLAPEL BASQUETBOL,10,12,-2,1,REGULAR,2pt,0,hookshot,,['pointsinthepaint']
2607028,2024-12-15,Final four,LNB 2,03:10,06:50,113,,,,,CORP. DEP. BOSTON COLLEGE,10,12,-2,1,REGULAR,rebound,1,defensive,111,['team']
2607028,2024-12-15,Final four,LNB 2,03:10,06:50,114,7,G. Soto Contreras,Gabriel A.,Soto Contreras,CORP. DEP. BOSTON COLLEGE,10,12,-2,1,REGULAR,substitution,1,out,,[]
2607028,2024-12-15,Final four,LNB 2,03:10,06:50,115,13,C. Ordonez Lucero,Cristobal J.,Ordonez Lucero,CORP. DEP. BOSTON COLLEGE,10,12,-2,1,REGULAR,substitution,1,out,,[]
2607028,2024-12-15,Final four,LNB 2,03:10,06:50,116,5,R. Castellano Pinto,Rodrigo I.,Castellano Pinto,CORP. DEP. BOSTON COLLEGE,10,12,-2,1,REGULAR,substitution,1,in,,[]
2607028,2024-12-15,Final four,LNB 2,03:10,06:50,117,23,V. Schulz Morend,Vicente H.,Schulz Morend,CORP. DEP. BOSTON COLLEGE,10,12,-2,1,REGULAR,substitution,1,in,,[]
2607028,2024-12-15,Final four,LNB 2,02:57,07:03,120,77,L. Marquez Dogliotti,Lucas,Marquez Dogliotti,CORP. DEP. BOSTON COLLEGE,10,14,-4,1,REGULAR,2pt,1,layup,,['pointsinthepaint']
2607028,2024-12-15,Final four,LNB 2,02:57,07:03,121,13,M. Sepulveda Soto,Matias,Sepulveda Soto,CD ILLAPEL BASQUETBOL,10,14,-4,1,REGULAR,foul,1,personal,,"['shooting', '1freethrow']"
2607028,2024-12-15,Final four,LNB 2,02:57,07:03,122,77,L. Marquez Dogliotti,Lucas,Marquez Dogliotti,CORP. DEP. BOSTON COLLEGE,10,14,-4,1,REGULAR,foulon,1,,121,[]
2607028,2024-12-15,Final four,LNB 2,02:57,07:03,123,77,L. Marquez Dogliotti,Lucas,Marquez Dogliotti,CORP. DEP. BOSTON COLLEGE,10,14,-4,1,REGULAR,freethrow,0,1of1,,[]
2607028,2024-12-15,Final four,LNB 2,02:57,07:03,125,15,A. Robinson Jr,Antone Dean,Robinson Jr,CD ILLAPEL BASQUETBOL,10,14,-4,1,REGULAR,rebound,1,defensive,123,[]
2607028,2024-12-15,Final four,LNB 2,02:41,07:19,127,22,H. Reyes Mosquera,Hebert J.,Reyes Mosquera,CORP. DEP. BOSTON COLLEGE,10,14,-4,1,REGULAR,foul,1,personal,,"['shooting', '2freethrow']"
2607028,2024-12-15,Final four,LNB 2,02:41,07:19,128,15,A. Robinson Jr,Antone Dean,Robinson Jr,CD ILLAPEL BASQUETBOL,10,14,-4,1,REGULAR,foulon,1,,127,[]
2607028,2024-12-15,Final four,LNB 2,02:41,07:19,129,15,A. Robinson Jr,Antone Dean,Robinson Jr,CD ILLAPEL BASQUETBOL,11,14,-3,1,REGULAR,freethrow,1,1of2,,[]
2607028,2024-12-15,Final four,LNB 2,02:41,07:19,130,15,A. Robinson Jr,Antone Dean,Robinson Jr,CD ILLAPEL BASQUETBOL,11,14,-3,1,REGULAR,freethrow,0,2of2,,[]
2607028,2024-12-15,Final four,LNB 2,02:41,07:19,132,22,H. Reyes Mosquera,Hebert J.,Reyes Mosquera,CORP. DEP. BOSTON COLLEGE,11,14,-3,1,REGULAR,rebound,1,defensive,130,[]
2607028,2024-12-15,Final four,LNB 2,02:25,07:35,133,3,G. Fernandez Castro,Gaston I.,Fernandez Castro,CORP. DEP. BOSTON COLLEGE,11,14,-3,1,REGULAR,turnover,1,ballhandling,,[]
2607028,2024-12-15,Final four,LNB 2,02:25,07:35,134,13,M. Sepulveda Soto,Matias,Sepulveda Soto,CD ILLAPEL BASQUETBOL,11,14,-3,1,REGULAR,steal,1,,133,[]
2607028,2024-12-15,Final four,LNB 2,02:22,07:38,136,77,L. Marquez Dogliotti,Lucas,Marquez Dogliotti,CORP. DEP. BOSTON COLLEGE,11,14,-3,1,REGULAR,foul,1,personal,,"['shooting', '2freethrow']"
2607028,2024-12-15,Final four,LNB 2,02:22,07:38,137,13,M. Sepulveda Soto,Matias,Sepulveda Soto,CD ILLAPEL BASQUETBOL,11,14,-3,1,REGULAR,foulon,1,,136,[]
2607028,2024-12-15,Final four,LNB 2,02:22,07:38,138,77,L. Marquez Dogliotti,Lucas,Marquez Dogliotti,CORP. DEP. BOSTON COLLEGE,11,14,-3,1,REGULAR,substitution,1,out,,[]
2607028,2024-12-15,Final four,LNB 2,02:22,07:38,139,13,C. Ordonez Lucero,Cristobal J.,Ordonez Lucero,CORP. DEP. BOSTON COLLEGE,11,14,-3,1,REGULAR,substitution,1,in,,[]
2607028,2024-12-15,Final four,LNB 2,02:22,07:38,140,13,M. Sepulveda Soto,Matias,Sepulveda Soto,CD ILLAPEL BASQUETBOL,12,14,-2,1,REGULAR,freethrow,1,1of2,,['fromturnover']
2607028,2024-12-15,Final four,LNB 2,02:22,07:38,141,13,M. Sepulveda Soto,Matias,Sepulveda Soto,CD ILLAPEL BASQUETBOL,13,14,-1,1,REGULAR,freethrow,1,2of2,,['fromturnover']
2607028,2024-12-15,Final four,LNB 2,02:10,07:50,143,3,G. Fernandez Castro,Gaston I.,Fernandez Castro,CORP. DEP. BOSTON COLLEGE,13,14,-1,1,REGULAR,3pt,0,jumpshot,,[]
2607028,2024-12-15,Final four,LNB 2,02:05,07:55,144,15,A. Robinson Jr,Antone Dean,Robinson Jr,CD ILLAPEL BASQUETBOL,13,14,-1,1,REGULAR,rebound,1,defensive,143,[]
2607028,2024-12-15,Final four,LNB 2,01:55,08:05,145,15,A. Robinson Jr,Antone Dean,Robinson Jr,CD ILLAPEL BASQUETBOL,13,14,-1,1,REGULAR,3pt,0,jumpshot,,[]
2607028,2024-12-15,Final four,LNB 2,01:51,08:09,146,6,R. Rojas Gonzalez,Rodrigo,Rojas Gonzalez,CD ILLAPEL BASQUETBOL,13,14,-1,1,REGULAR,rebound,1,offensive,145,[]
2607028,2024-12-15,Final four,LNB 2,01:41,08:19,147,6,R. Rojas Gonzalez,Rodrigo,Rojas Gonzalez,CD ILLAPEL BASQUETBOL,15,14,1,1,REGULAR,2pt,1,eurostep,,"['2ndchance', 'pointsinthepaint']"
2607028,2024-12-15,Final four,LNB 2,01:30,08:30,149,6,R. Rojas Gonzalez,Rodrigo,Rojas Gonzalez,CD ILLAPEL BASQUETBOL,15,14,1,1,REGULAR,foul,1,personal,,['2freethrow']
2607028,2024-12-15,Final four,LNB 2,01:30,08:30,150,23,V. Schulz Morend,Vicente H.,Schulz Morend,CORP. DEP. BOSTON COLLEGE,15,14,1,1,REGULAR,foulon,1,,149,[]
2607028,2024-12-15,Final four,LNB 2,01:30,08:30,151,23,V. Schulz Morend,Vicente H.,Schulz Morend,CORP. DEP. BOSTON COLLEGE,15,15,0,1,REGULAR,freethrow,1,1of2,,[]
2607028,2024-12-15,Final four,LNB 2,01:30,08:30,152,23,V. Schulz Morend,Vicente H.,Schulz Morend,CORP. DEP. BOSTON COLLEGE,15,16,-1,1,REGULAR,freethrow,1,2of2,,[]
2607028,2024-12-15,Final four,LNB 2,01:20,08:40,155,22,H. Reyes Mosquera,Hebert J.,Reyes Mosquera,CORP. DEP. BOSTON COLLEGE,15,16,-1,1,REGULAR,foul,1,personal,,"['shooting', '2freethrow']"
2607028,2024-12-15,Final four,LNB 2,01:20,08:40,156,15,A. Robinson Jr,Antone Dean,Robinson Jr,CD ILLAPEL BASQUETBOL,15,16,-1,1,REGULAR,foulon,1,,155,[]
2607028,2024-12-15,Final four,LNB 2,01:20,08:40,157,22,H. Reyes Mosquera,Hebert J.,Reyes Mosquera,CORP. DEP. BOSTON COLLEGE,15,16,-1,1,REGULAR,substitution,1,out,,[]
2607028,2024-12-15,Final four,LNB 2,01:20,08:40,158,55,A. Galaviz Diaz,Angel,Galaviz Diaz,CORP. DEP. BOSTON COLLEGE,15,16,-1,1,REGULAR,substitution,1,in,,[]
2607028,2024-12-15,Final four,LNB 2,01:20,08:40,159,15,A. Robinson Jr,Antone Dean,Robinson Jr,CD ILLAPEL BASQUETBOL,16,16,0,1,REGULAR,freethrow,1,1of2,,[]
2607028,2024-12-15,Final four,LNB 2,01:20,08:40,160,9,F. Gonzalez Burgos,Felipe,Gonzalez Burgos,CD ILLAPEL BASQUETBOL,16,16,0,1,REGULAR,assist,1,,159,[]
2607028,2024-12-15,Final four,LNB 2,01:20,08:40,161,15,A. Robinson Jr,Antone Dean,Robinson Jr,CD ILLAPEL BASQUETBOL,17,16,1,1,REGULAR,freethrow,1,2of2,,[]
2607028,2024-12-15,Final four,LNB 2,01:20,08:40,162,5,E. Sepulveda Soto,Eduardo,Sepulveda Soto,CD ILLAPEL BASQUETBOL,17,16,1,1,REGULAR,substitution,1,out,,[]
2607028,2024-12-15,Final four,LNB 2,01:20,08:40,163,29,F. Villagran Veliz,Fernando J.,Villagran Veliz,CD ILLAPEL BASQUETBOL,17,16,1,1,REGULAR,substitution,1,in,,[]
2607028,2024-12-15,Final four,LNB 2,01:06,08:54,165,13,C. Ordonez Lucero,Cristobal J.,Ordonez Lucero,CORP. DEP. BOSTON COLLEGE,17,16,1,1,REGULAR,2pt,0,hookshot,,['pointsinthepaint']
2607028,2024-12-15,Final four,LNB 2,01:03,08:57,166,29,F. Villagran Veliz,Fernando J.,Villagran Veliz,CD ILLAPEL BASQUETBOL,17,16,1,1,REGULAR,rebound,1,defensive,165,[]
2607028,2024-12-15,Final four,LNB 2,00:57,09:03,167,13,M. Sepulveda Soto,Matias,Sepulveda Soto,CD ILLAPEL BASQUETBOL,20,16,4,1,REGULAR,3pt,1,jumpshot,,[]
2607028,2024-12-15,Final four,LNB 2,00:57,09:03,168,9,F. Gonzalez Burgos,Felipe,Gonzalez Burgos,CD ILLAPEL BASQUETBOL,20,16,4,1,REGULAR,assist,1,,167,[]
2607028,2024-12-15,Final four,LNB 2,00:40,09:20,169,3,G. Fernandez Castro,Gaston I.,Fernandez Castro,CORP. DEP. BOSTON COLLEGE,20,16,4,1,REGULAR,3pt,0,jumpshot,,[]
2607028,2024-12-15,Final four,LNB 2,00:38,09:22,171,,,,,CORP. DEP. BOSTON COLLEGE,20,16,4,1,REGULAR,rebound,1,offensive,169,['team']
2607028,2024-12-15,Final four,LNB 2,00:38,09:22,172,29,F. Villagran Veliz,Fernando J.,Villagran Veliz,CD ILLAPEL BASQUETBOL,20,16,4,1,REGULAR,foul,1,personal,,['2freethrow']
2607028,2024-12-15,Final four,LNB 2,00:38,09:22,173,5,R. Castellano Pinto,Rodrigo I.,Castellano Pinto,CORP. DEP. BOSTON COLLEGE,20,16,4,1,REGULAR,foulon,1,,172,[]
2607028,2024-12-15,Final four,LNB 2,00:33,09:27,176,5,R. Castellano Pinto,Rodrigo I.,Castellano Pinto,CORP. DEP. BOSTON COLLEGE,20,17,3,1,REGULAR,freethrow,1,1of2,,['2ndchance']
2607028,2024-12-15,Final four,LNB 2,00:33,09:27,177,5,R. Castellano Pinto,Rodrigo I.,Castellano Pinto,CORP. DEP. BOSTON COLLEGE,20,17,3,1,REGULAR,freethrow,0,2of2,,['2ndchance']
2607028,2024-12-15,Final four,LNB 2,00:33,09:27,179,15,A. Robinson Jr,Antone Dean,Robinson Jr,CD ILLAPEL BASQUETBOL,20,17,3,1,REGULAR,rebound,1,defensive,177,[]
2607028,2024-12-15,Final four,LNB 2,00:17,09:43,181,5,R. Castellano Pinto,Rodrigo I.,Castellano Pinto,CORP. DEP. BOSTON COLLEGE,20,17,3,1,REGULAR,foul,1,personal,,"['shooting', '2freethrow']"
2607028,2024-12-15,Final four,LNB 2,00:17,09:43,182,29,F. Villagran Veliz,Fernando J.,Villagran Veliz,CD ILLAPEL BASQUETBOL,20,17,3,1,REGULAR,foulon,1,,181,[]
2607028,2024-12-15,Final four,LNB 2,00:17,09:43,183,13,M. Sepulveda Soto,Matias,Sepulveda Soto,CD ILLAPEL BASQUETBOL,20,17,3,1,REGULAR,substitution,1,out,,[]
2607028,2024-12-15,Final four,LNB 2,00:17,09:43,184,8,J. Rojas Rojo,Joaquin,Rojas Rojo,CD ILLAPEL BASQUETBOL,20,17,3,1,REGULAR,substitution,1,in,,[]
2607028,2024-12-15,Final four,LNB 2,00:17,09:43,185,3,G. Fernandez Castro,Gaston I.,Fernandez Castro,CORP. DEP. BOSTON COLLEGE,20,17,3,1,REGULAR,substitution,1,out,,[]
2607028,2024-12-15,Final four,LNB 2,00:17,09:43,186,5,R. Castellano Pinto,Rodrigo I.,Castellano Pinto,CORP. DEP. BOSTON COLLEGE,20,17,3,1,REGULAR,substitution,1,out,,[]
2607028,2024-12-15,Final four,LNB 2,00:17,09:43,187,55,A. Galaviz Diaz,Angel,Galaviz Diaz,CORP. DEP. BOSTON COLLEGE,20,17,3,1,REGULAR,substitution,1,out,,[]
2607028,2024-12-15,Final four,LNB 2,00:17,09:43,188,7,G. Soto Contreras,Gabriel A.,Soto Contreras,CORP. DEP. BOSTON COLLEGE,20,17,3,1,REGULAR,substitution,1,in,,[]
2607028,2024-12-15,Final four,LNB 2,00:17,09:43,189,24,A. Guarda Colipan,Alexander,Guarda Colipan,CORP. DEP. BOSTON COLLEGE,20,17,3,1,REGULAR,substitution,1,in,,[]
2607028,2024-12-15,Final four,LNB 2,00:17,09:43,190,77,L. Marquez Dogliotti,Lucas,Marquez Dogliotti,CORP. DEP. BOSTON COLLEGE,20,17,3,1,REGULAR,substitution,1,in,,[]
2607028,2024-12-15,Final four,LNB 2,00:17,09:43,191,9,F. Gonzalez Burgos,Felipe,Gonzalez Burgos,CD ILLAPEL BASQUETBOL,20,17,3,1,REGULAR,freethrow,0,1of2,,[]
2607028,2024-12-15,Final four,LNB 2,00:17,09:43,192,29,F. Villagran Veliz,Fernando J.,Villagran Veliz,CD ILLAPEL BASQUETBOL,20,17,3,1,REGULAR,freethrow,0,2of2,,[]
2607028,2024-12-15,Final four,LNB 2,00:17,09:43,194,23,V. Schulz Morend,Vicente H.,Schulz Morend,CORP. DEP. BOSTON COLLEGE,20,17,3,1,REGULAR,rebound,1,defensive,192,[]
2607028,2024-12-15,Final four,LNB 2,00:07,09:53,195,24,A. Guarda Colipan,Alexander,Guarda Colipan,CORP. DEP. BOSTON COLLEGE,20,17,3,1,REGULAR,3pt,0,jumpshot,,[]
2607028,2024-12-15,Final four,LNB 2,00:03,09:57,196,15,A. Robinson Jr,Antone Dean,Robinson Jr,CD ILLAPEL BASQUETBOL,20,17,3,1,REGULAR,rebound,1,defensive,195,[]
2607028,2024-12-15,Final four,LNB 2,00:00,10:00,198,,,,,,20,17,3,1,REGULAR,period,1,end,,['confirmed']
2607028,2024-12-15,Final four,LNB 2,10:00,00:00,199,8,J. Rojas Rojo,Joaquin,Rojas Rojo,CD ILLAPEL BASQUETBOL,20,17,3,2,REGULAR,substitution,1,out,,[]
2607028,2024-12-15,Final four,LNB 2,10:00,00:00,200,29,F. Villagran Veliz,Fernando J.,Villagran Veliz,CD ILLAPEL BASQUETBOL,20,17,3,2,REGULAR,substitution,1,out,,[]
2607028,2024-12-15,Final four,LNB 2,10:00,00:00,201,5,E. Sepulveda Soto,Eduardo,Sepulveda Soto,CD ILLAPEL BASQUETBOL,20,17,3,2,REGULAR,substitution,1,in,,[]
2607028,2024-12-15,Final four,LNB 2,10:00,00:00,202,13,M. Sepulveda Soto,Matias,Sepulveda Soto,CD ILLAPEL BASQUETBOL,20,17,3,2,REGULAR,substitution,1,in,,[]
2607028,2024-12-15,Final four,LNB 2,10:00,00:00,203,77,L. Marquez Dogliotti,Lucas,Marquez Dogliotti,CORP. DEP. BOSTON COLLEGE,20,17,3,2,REGULAR,substitution,1,out,,[]
2607028,2024-12-15,Final four,LNB 2,10:00,00:00,204,55,A. Galaviz Diaz,Angel,Galaviz Diaz,CORP. DEP. BOSTON COLLEGE,20,17,3,2,REGULAR,substitution,1,in,,[]
2607028,2024-12-15,Final four,LNB 2,10:00,00:00,205,,,,,,20,17,3,2,REGULAR,period,1,start,,[]
2607028,2024-12-15,Final four,LNB 2,09:49,00:11,207,5,E. Sepulveda Soto,Eduardo,Sepulveda Soto,CD ILLAPEL BASQUETBOL,20,17,3,2,REGULAR,3pt,0,jumpshot,,[]
2607028,2024-12-15,Final four,LNB 2,09:44,00:16,208,55,A. Galaviz Diaz,Angel,Galaviz Diaz,CORP. DEP. BOSTON COLLEGE,20,17,3,2,REGULAR,rebound,1,defensive,207,[]
2607028,2024-12-15,Final four,LNB 2,09:34,00:26,209,55,A. Galaviz Diaz,Angel,Galaviz Diaz,CORP. DEP. BOSTON COLLEGE,20,17,3,2,REGULAR,3pt,0,jumpshot,,[]
2607028,2024-12-15,Final four,LNB 2,09:30,00:30,210,13,M. Sepulveda Soto,Matias,Sepulveda Soto,CD ILLAPEL BASQUETBOL,20,17,3,2,REGULAR,rebound,1,defensive,209,[]
2607028,2024-12-15,Final four,LNB 2,09:22,00:38,212,24,A. Guarda Colipan,Alexander,Guarda Colipan,CORP. DEP. BOSTON COLLEGE,20,17,3,2,REGULAR,foul,1,personal,,"['shooting', '2freethrow']"
2607028,2024-12-15,Final four,LNB 2,09:22,00:38,213,9,F. Gonzalez Burgos,Felipe,Gonzalez Burgos,CD ILLAPEL BASQUETBOL,20,17,3,2,REGULAR,foulon,1,,212,[]
2607028,2024-12-15,Final four,LNB 2,09:22,00:38,214,9,F. Gonzalez Burgos,Felipe,Gonzalez Burgos,CD ILLAPEL BASQUETBOL,20,17,3,2,REGULAR,freethrow,0,1of2,,[]
2607028,2024-12-15,Final four,LNB 2,09:22,00:38,215,9,F. Gonzalez Burgos,Felipe,Gonzalez Burgos,CD ILLAPEL BASQUETBOL,21,17,4,2,REGULAR,freethrow,1,2of2,,[]
2607028,2024-12-15,Final four,LNB 2,09:03,00:57,218,15,A. Robinson Jr,Antone Dean,Robinson Jr,CD ILLAPEL BASQUETBOL,21,17,4,2,REGULAR,foul,1,personal,,"['shooting', '2freethrow']"
2607028,2024-12-15,Final four,LNB 2,09:03,00:57,219,55,A. Galaviz Diaz,Angel,Galaviz Diaz,CORP. DEP. BOSTON COLLEGE,21,17,4,2,REGULAR,foulon,1,,218,[]
2607028,2024-12-15,Final four,LNB 2,09:03,00:57,220,55,A. Galaviz Diaz,Angel,Galaviz Diaz,CORP. DEP. BOSTON COLLEGE,21,17,4,2,REGULAR,freethrow,0,1of2,,[]
2607028,2024-12-15,Final four,LNB 2,09:03,00:57,221,55,A. Galaviz Diaz,Angel,Galaviz Diaz,CORP. DEP. BOSTON COLLEGE,21,18,3,2,REGULAR,freethrow,1,2of2,,[]
2607028,2024-12-15,Final four,LNB 2,09:03,00:57,222,23,V. Schulz Morend,Vicente H.,Schulz Morend,CORP. DEP. BOSTON COLLEGE,21,18,3,2,REGULAR,assist,1,,221,[]
2607028,2024-12-15,Final four,LNB 2,08:51,01:09,224,13,M. Sepulveda Soto,Matias,Sepulveda Soto,CD ILLAPEL BASQUETBOL,23,18,5,2,REGULAR,2pt,1,layup,,['pointsinthepaint']
2607028,2024-12-15,Final four,LNB 2,08:51,01:09,225,15,A. Robinson Jr,Antone Dean,Robinson Jr,CD ILLAPEL BASQUETBOL,23,18,5,2,REGULAR,assist,1,,224,[]
2607028,2024-12-15,Final four,LNB 2,08:34,01:26,226,7,G. Soto Contreras,Gabriel A.,Soto Contreras,CORP. DEP. BOSTON COLLEGE,23,21,2,2,REGULAR,3pt,1,jumpshot,,[]
2607028,2024-12-15,Final four,LNB 2,08:34,01:26,227,13,C. Ordonez Lucero,Cristobal J.,Ordonez Lucero,CORP. DEP. BOSTON COLLEGE,23,21,2,2,REGULAR,assist,1,,226,[]
2607028,2024-12-15,Final four,LNB 2,08:16,01:44,228,15,A. Robinson Jr,Antone Dean,Robinson Jr,CD ILLAPEL BASQUETBOL,25,21,4,2,REGULAR,2pt,1,drivinglayup,,['pointsinthepaint']
2607028,2024-12-15,Final four,LNB 2,08:10,01:50,229,7,G. Soto Contreras,Gabriel A.,Soto Contreras,CORP. DEP. BOSTON COLLEGE,25,21,4,2,REGULAR,3pt,0,jumpshot,,[]
2607028,2024-12-15,Final four,LNB 2,08:06,01:54,230,9,F. Gonzalez Burgos,Felipe,Gonzalez Burgos,CD ILLAPEL BASQUETBOL,25,21,4,2,REGULAR,rebound,1,defensive,229,[]
2607028,2024-12-15,Final four,LNB 2,08:00,02:00,233,9,F. Gonzalez Burgos,Felipe,Gonzalez Burgos,CD ILLAPEL BASQUETBOL,25,21,4,2,REGULAR,2pt,0,eurostep,,"['pointsinthepaint', 'blocked']"
2607028,2024-12-15,Final four,LNB 2,08:00,02:00,234,13,C. Ordonez Lucero,Cristobal J.,Ordonez Lucero,CORP. DEP. BOSTON COLLEGE,25,21,4,2,REGULAR,block,1,,233,[]
2607028,2024-12-15,Final four,LNB 2,07:55,02:05,235,,,,,CD ILLAPEL BASQUETBOL,25,21,4,2,REGULAR,rebound,1,offensive,233,['team']
2607028,2024-12-15,Final four,LNB 2,07:55,02:05,237,24,A. Guarda Colipan,Alexander,Guarda Colipan,CORP. DEP. BOSTON COLLEGE,25,21,4,2,REGULAR,substitution,1,out,,[]
2607028,2024-12-15,Final four,LNB 2,07:55,02:05,238,55,A. Galaviz Diaz,Angel,Galaviz Diaz,CORP. DEP. BOSTON COLLEGE,25,21,4,2,REGULAR,substitution,1,out,,[]
2607028,2024-12-15,Final four,LNB 2,07:55,02:05,239,22,H. Reyes Mosquera,Hebert J.,Reyes Mosquera,CORP. DEP. BOSTON COLLEGE,25,21,4,2,REGULAR,substitution,1,in,,[]
2607028,2024-12-15,Final four,LNB 2,07:55,02:05,240,77,L. Marquez Dogliotti,Lucas,Marquez Dogliotti,CORP. DEP. BOSTON COLLEGE,25,21,4,2,REGULAR,substitution,1,in,,[]
2607028,2024-12-15,Final four,LNB 2,07:50,02:10,243,13,M. Sepulveda Soto,Matias,Sepulveda Soto,CD ILLAPEL BASQUETBOL,25,21,4,2,REGULAR,3pt,0,stepbackjumpshot,,['2ndchance']
2607028,2024-12-15,Final four,LNB 2,07:47,02:13,244,23,V. Schulz Morend,Vicente H.,Schulz Morend,CORP. DEP. BOSTON COLLEGE,25,21,4,2,REGULAR,rebound,1,defensive,243,[]
2607028,2024-12-15,Final four,LNB 2,07:32,02:28,246,23,V. Schulz Morend,Vicente H.,Schulz Morend,CORP. DEP. BOSTON COLLEGE,25,21,4,2,REGULAR,turnover,1,ballhandling,,[]
2607028,2024-12-15,Final four,LNB 2,07:32,02:28,247,23,V. Schulz Morend,Vicente H.,Schulz Morend,CORP. DEP. BOSTON COLLEGE,25,21,4,2,REGULAR,substitution,1,out,,[]
2607028,2024-12-15,Final four,LNB 2,07:32,02:28,248,15,F. Martinez Maury,Francisco,Martinez Maury,CORP. DEP. BOSTON COLLEGE,25,21,4,2,REGULAR,substitution,1,in,,[]
2607028,2024-12-15,Final four,LNB 2,07:18,02:42,250,15,A. Robinson Jr,Antone Dean,Robinson Jr,CD ILLAPEL BASQUETBOL,25,21,4,2,REGULAR,turnover,1,ballhandling,,[]
2607028,2024-12-15,Final four,LNB 2,07:18,02:42,251,77,L. Marquez Dogliotti,Lucas,Marquez Dogliotti,CORP. DEP. BOSTON COLLEGE,25,21,4,2,REGULAR,steal,1,,250,[]
2607028,2024-12-15,Final four,LNB 2,07:13,02:47,252,15,F. Martinez Maury,Francisco,Martinez Maury,CORP. DEP. BOSTON COLLEGE,25,23,2,2,REGULAR,2pt,1,layup,,"['fromturnover', 'pointsinthepaint']"
2607028,2024-12-15,Final four,LNB 2,07:13,02:47,253,77,L. Marquez Dogliotti,Lucas,Marquez Dogliotti,CORP. DEP. BOSTON COLLEGE,25,23,2,2,REGULAR,assist,1,,252,[]
2607028,2024-12-15,Final four,LNB 2,07:06,02:54,254,13,M. Sepulveda Soto,Matias,Sepulveda Soto,CD ILLAPEL BASQUETBOL,25,23,2,2,REGULAR,2pt,0,pullupjumpshot,,[]
2607028,2024-12-15,Final four,LNB 2,07:01,02:59,255,15,F. Martinez Maury,Francisco,Martinez Maury,CORP. DEP. BOSTON COLLEGE,25,23,2,2,REGULAR,rebound,1,defensive,254,[]
2607028,2024-12-15,Final four,LNB 2,06:45,03:15,256,15,F. Martinez Maury,Francisco,Martinez Maury,CORP. DEP. BOSTON COLLEGE,25,23,2,2,REGULAR,3pt,0,jumpshot,,[]
2607028,2024-12-15,Final four,LNB 2,06:41,03:19,257,15,A. Robinson Jr,Antone Dean,Robinson Jr,CD ILLAPEL BASQUETBOL,25,23,2,2,REGULAR,rebound,1,defensive,256,[]
2607028,2024-12-15,Final four,LNB 2,06:31,03:29,258,15,A. Robinson Jr,Antone Dean,Robinson Jr,CD ILLAPEL BASQUETBOL,27,23,4,2,REGULAR,2pt,1,dunk,,['pointsinthepaint']
2607028,2024-12-15,Final four,LNB 2,06:31,03:29,259,5,E. Sepulveda Soto,Eduardo,Sepulveda Soto,CD ILLAPEL BASQUETBOL,27,23,4,2,REGULAR,assist,1,,258,[]
2607028,2024-12-15,Final four,LNB 2,06:10,03:50,260,13,C. Ordonez Lucero,Cristobal J.,Ordonez Lucero,CORP. DEP. BOSTON COLLEGE,27,23,4,2,REGULAR,2pt,0,pullupjumpshot,,[]
2607028,2024-12-15,Final four,LNB 2,06:05,03:55,261,22,H. Reyes Mosquera,Hebert J.,Reyes Mosquera,CORP. DEP. BOSTON COLLEGE,27,23,4,2,REGULAR,rebound,1,offensive,260,[]
2607028,2024-12-15,Final four,LNB 2,05:56,04:04,262,22,H. Reyes Mosquera,Hebert J.,Reyes Mosquera,CORP. DEP. BOSTON COLLEGE,27,23,4,2,REGULAR,2pt,0,drivinglayup,,"['2ndchance', 'pointsinthepaint']"
2607028,2024-12-15,Final four,LNB 2,05:55,04:05,264,6,R. Rojas Gonzalez,Rodrigo,Rojas Gonzalez,CD ILLAPEL BASQUETBOL,27,23,4,2,REGULAR,rebound,1,defensive,262,[]
2607028,2024-12-15,Final four,LNB 2,05:55,04:05,265,15,A. Robinson Jr,Antone Dean,Robinson Jr,CD ILLAPEL BASQUETBOL,27,23,4,2,REGULAR,substitution,1,out,,[]
2607028,2024-12-15,Final four,LNB 2,05:55,04:05,266,11,S. Chialva Balut,Sergio,Chialva Balut,CD ILLAPEL BASQUETBOL,27,23,4,2,REGULAR,substitution,1,in,,[]
2607028,2024-12-15,Final four,LNB 2,05:44,04:16,268,6,R. Rojas Gonzalez,Rodrigo,Rojas Gonzalez,CD ILLAPEL BASQUETBOL,27,23,4,2,REGULAR,3pt,0,jumpshot,,[]
2607028,2024-12-15,Final four,LNB 2,05:40,04:20,269,77,L. Marquez Dogliotti,Lucas,Marquez Dogliotti,CORP. DEP. BOSTON COLLEGE,27,23,4,2,REGULAR,rebound,1,defensive,268,[]
2607028,2024-12-15,Final four,LNB 2,05:38,04:22,270,77,L. Marquez Dogliotti,Lucas,Marquez Dogliotti,CORP. DEP. BOSTON COLLEGE,27,23,4,2,REGULAR,turnover,1,badpass,,[]
2607028,2024-12-15,Final four,LNB 2,05:38,04:22,271,6,R. Rojas Gonzalez,Rodrigo,Rojas Gonzalez,CD ILLAPEL BASQUETBOL,27,23,4,2,REGULAR,steal,1,,270,[]
2607028,2024-12-15,Final four,LNB 2,05:32,04:28,272,6,R. Rojas Gonzalez,Rodrigo,Rojas Gonzalez,CD ILLAPEL BASQUETBOL,27,23,4,2,REGULAR,2pt,0,eurostep,,"['fromturnover', 'pointsinthepaint']"
2607028,2024-12-15,Final four,LNB 2,05:29,04:31,273,15,F. Martinez Maury,Francisco,Martinez Maury,CORP. DEP. BOSTON COLLEGE,27,23,4,2,REGULAR,rebound,1,defensive,272,[]
2607028,2024-12-15,Final four,LNB 2,05:12,04:48,274,15,F. Martinez Maury,Francisco,Martinez Maury,CORP. DEP. BOSTON COLLEGE,27,23,4,2,REGULAR,3pt,0,jumpshot,,[]
2607028,2024-12-15,Final four,LNB 2,05:10,04:50,275,11,S. Chialva Balut,Sergio,Chialva Balut,CD ILLAPEL BASQUETBOL,27,23,4,2,REGULAR,rebound,1,defensive,274,[]
2607028,2024-12-15,Final four,LNB 2,04:56,05:04,277,13,C. Ordonez Lucero,Cristobal J.,Ordonez Lucero,CORP. DEP. BOSTON COLLEGE,27,23,4,2,REGULAR,foul,1,personal,,"['shooting', '3freethrow']"
2607028,2024-12-15,Final four,LNB 2,04:56,05:04,278,13,M. Sepulveda Soto,Matias,Sepulveda Soto,CD ILLAPEL BASQUETBOL,27,23,4,2,REGULAR,foulon,1,,277,[]
2607028,2024-12-15,Final four,LNB 2,04:56,05:04,279,9,F. Gonzalez Burgos,Felipe,Gonzalez Burgos,CD ILLAPEL BASQUETBOL,27,23,4,2,REGULAR,substitution,1,out,,[]
2607028,2024-12-15,Final four,LNB 2,04:56,05:04,280,29,F. Villagran Veliz,Fernando J.,Villagran Veliz,CD ILLAPEL BASQUETBOL,27,23,4,2,REGULAR,substitution,1,in,,[]
2607028,2024-12-15,Final four,LNB 2,04:56,05:04,281,13,M. Sepulveda Soto,Matias,Sepulveda Soto,CD ILLAPEL BASQUETBOL,28,23,5,2,REGULAR,freethrow,1,1of3,,[]
2607028,2024-12-15,Final four,LNB 2,04:56,05:04,282,9,F. Gonzalez Burgos,Felipe,Gonzalez Burgos,CD ILLAPEL BASQUETBOL,28,23,5,2,REGULAR,assist,1,,281,[]
2607028,2024-12-15,Final four,LNB 2,04:56,05:04,283,13,M. Sepulveda Soto,Matias,Sepulveda Soto,CD ILLAPEL BASQUETBOL,29,23,6,2,REGULAR,freethrow,1,2of3,,[]
2607028,2024-12-15,Final four,LNB 2,04:56,05:04,284,13,M. Sepulveda Soto,Matias,Sepulveda Soto,CD ILLAPEL BASQUETBOL,30,23,7,2,REGULAR,freethrow,1,3of3,,[]
2607028,2024-12-15,Final four,LNB 2,04:40,05:20,286,77,L. Marquez Dogliotti,Lucas,Marquez Dogliotti,CORP. DEP. BOSTON COLLEGE,30,23,7,2,REGULAR,2pt,0,pullupjumpshot,,[]
2607028,2024-12-15,Final four,LNB 2,04:36,05:24,287,29,F. Villagran Veliz,Fernando J.,Villagran Veliz,CD ILLAPEL BASQUETBOL,30,23,7,2,REGULAR,rebound,1,defensive,286,[]
2607028,2024-12-15,Final four,LNB 2,04:30,05:30,288,9,F. Gonzalez Burgos,Felipe,Gonzalez Burgos,CD ILLAPEL BASQUETBOL,30,23,7,2,REGULAR,turnover,1,badpass,,[]
2607028,2024-12-15,Final four,LNB 2,04:30,05:30,289,15,F. Martinez Maury,Francisco,Martinez Maury,CORP. DEP. BOSTON COLLEGE,30,23,7,2,REGULAR,steal,1,,288,[]
2607028,2024-12-15,Final four,LNB 2,04:22,05:38,290,7,G. Soto Contreras,Gabriel A.,Soto Contreras,CORP. DEP. BOSTON COLLEGE,30,25,5,2,REGULAR,2pt,1,floatingjumpshot,,['fromturnover']
2607028,2024-12-15,Final four,LNB 2,04:00,06:00,291,13,M. Sepulveda Soto,Matias,Sepulveda Soto,CD ILLAPEL BASQUETBOL,30,25,5,2,REGULAR,2pt,0,layup,,['pointsinthepaint']
2607028,2024-12-15,Final four,LNB 2,03:57,06:03,292,22,H. Reyes Mosquera,Hebert J.,Reyes Mosquera,CORP. DEP. BOSTON COLLEGE,30,25,5,2,REGULAR,rebound,1,defensive,291,[]
2607028,2024-12-15,Final four,LNB 2,04:40,05:20,294,5,E. Sepulveda Soto,Eduardo,Sepulveda Soto,CD ILLAPEL BASQUETBOL,30,23,7,2,REGULAR,substitution,1,out,,[]
2607028,2024-12-15,Final four,LNB 2,04:40,05:20,295,9,F. Gonzalez Burgos,Felipe,Gonzalez Burgos,CD ILLAPEL BASQUETBOL,30,23,7,2,REGULAR,substitution,1,in,,[]
2607028,2024-12-15,Final four,LNB 2,03:45,06:15,297,11,S. Chialva Balut,Sergio,Chialva Balut,CD ILLAPEL BASQUETBOL,30,25,5,2,REGULAR,substitution,1,out,,[]
2607028,2024-12-15,Final four,LNB 2,03:45,06:15,298,15,A. Robinson Jr,Antone Dean,Robinson Jr,CD ILLAPEL BASQUETBOL,30,25,5,2,REGULAR,substitution,1,in,,[]
2607028,2024-12-15,Final four,LNB 2,03:41,06:19,300,7,G. Soto Contreras,Gabriel A.,Soto Contreras,CORP. DEP. BOSTON COLLEGE,30,25,5,2,REGULAR,3pt,0,jumpshot,,[]
2607028,2024-12-15,Final four,LNB 2,03:41,06:19,301,15,A. Robinson Jr,Antone Dean,Robinson Jr,CD ILLAPEL BASQUETBOL,30,25,5,2,REGULAR,rebound,1,defensive,300,[]
2607028,2024-12-15,Final four,LNB 2,03:41,06:19,302,22,H. Reyes Mosquera,Hebert J.,Reyes Mosquera,CORP. DEP. BOSTON COLLEGE,30,25,5,2,REGULAR,foul,1,personal,,[]
2607028,2024-12-15,Final four,LNB 2,03:41,06:19,303,13,M. Sepulveda Soto,Matias,Sepulveda Soto,CD ILLAPEL BASQUETBOL,30,25,5,2,REGULAR,foulon,1,,302,[]
2607028,2024-12-15,Final four,LNB 2,03:41,06:19,306,22,H. Reyes Mosquera,Hebert J.,Reyes Mosquera,CORP. DEP. BOSTON COLLEGE,30,25,5,2,REGULAR,foul,1,unsportsmanlike,,['2freethrow']
2607028,2024-12-15,Final four,LNB 2,03:41,06:19,307,13,M. Sepulveda Soto,Matias,Sepulveda Soto,CD ILLAPEL BASQUETBOL,30,25,5,2,REGULAR,foulon,1,,306,[]
2607028,2024-12-15,Final four,LNB 2,03:41,06:19,308,22,H. Reyes Mosquera,Hebert J.,Reyes Mosquera,CORP. DEP. BOSTON COLLEGE,30,25,5,2,REGULAR,substitution,1,out,,[]
2607028,2024-12-15,Final four,LNB 2,03:41,06:19,309,55,A. Galaviz Diaz,Angel,Galaviz Diaz,CORP. DEP. BOSTON COLLEGE,30,25,5,2,REGULAR,substitution,1,in,,[]
2607028,2024-12-15,Final four,LNB 2,03:41,06:19,310,13,M. Sepulveda Soto,Matias,Sepulveda Soto,CD ILLAPEL BASQUETBOL,30,25,5,2,REGULAR,freethrow,0,1of2,,[]
2607028,2024-12-15,Final four,LNB 2,03:41,06:19,311,13,M. Sepulveda Soto,Matias,Sepulveda Soto,CD ILLAPEL BASQUETBOL,30,25,5,2,REGULAR,freethrow,0,2of2,,[]
2607028,2024-12-15,Final four,LNB 2,03:29,06:31,313,11,S. Chialva Balut,Sergio,Chialva Balut,CD ILLAPEL BASQUETBOL,32,25,7,2,REGULAR,2pt,1,hookshot,,['pointsinthepaint']
2607028,2024-12-15,Final four,LNB 2,03:12,06:48,314,13,C. Ordonez Lucero,Cristobal J.,Ordonez Lucero,CORP. DEP. BOSTON COLLEGE,32,25,7,2,REGULAR,3pt,0,jumpshot,,[]
2607028,2024-12-15,Final four,LNB 2,03:08,06:52,315,15,A. Robinson Jr,Antone Dean,Robinson Jr,CD ILLAPEL BASQUETBOL,32,25,7,2,REGULAR,rebound,1,defensive,314,[]
2607028,2024-12-15,Final four,LNB 2,03:29,06:31,316,9,F. Gonzalez Burgos,Felipe,Gonzalez Burgos,CD ILLAPEL BASQUETBOL,30,25,5,2,REGULAR,substitution,1,out,,[]
2607028,2024-12-15,Final four,LNB 2,03:29,06:31,317,11,S. Chialva Balut,Sergio,Chialva Balut,CD ILLAPEL BASQUETBOL,30,25,5,2,REGULAR,substitution,1,in,,[]
2607028,2024-12-15,Final four,LNB 2,02:49,07:11,318,13,M. Sepulveda Soto,Matias,Sepulveda Soto,CD ILLAPEL BASQUETBOL,32,25,7,2,REGULAR,2pt,0,stepbackjumpshot,,[]
2607028,2024-12-15,Final four,LNB 2,02:45,07:15,319,29,F. Villagran Veliz,Fernando J.,Villagran Veliz,CD ILLAPEL BASQUETBOL,32,25,7,2,REGULAR,rebound,1,offensive,318,[]
2607028,2024-12-15,Final four,LNB 2,02:42,07:18,320,6,R. Rojas Gonzalez,Rodrigo,Rojas Gonzalez,CD ILLAPEL BASQUETBOL,32,25,7,2,REGULAR,2pt,0,floatingjumpshot,,"['2ndchance', 'pointsinthepaint']"
2607028,2024-12-15,Final four,LNB 2,02:40,07:20,321,55,A. Galaviz Diaz,Angel,Galaviz Diaz,CORP. DEP. BOSTON COLLEGE,32,25,7,2,REGULAR,rebound,1,defensive,320,[]
2607028,2024-12-15,Final four,LNB 2,02:35,07:25,322,77,L. Marquez Dogliotti,Lucas,Marquez Dogliotti,CORP. DEP. BOSTON COLLEGE,32,25,7,2,REGULAR,2pt,0,eurostep,,['pointsinthepaint']
2607028,2024-12-15,Final four,LNB 2,02:31,07:29,323,11,S. Chialva Balut,Sergio,Chialva Balut,CD ILLAPEL BASQUETBOL,32,25,7,2,REGULAR,rebound,1,defensive,322,[]
2607028,2024-12-15,Final four,LNB 2,02:21,07:39,325,13,M. Sepulveda Soto,Matias,Sepulveda Soto,CD ILLAPEL BASQUETBOL,32,25,7,2,REGULAR,turnover,1,badpass,,[]
2607028,2024-12-15,Final four,LNB 2,02:21,07:39,326,13,M. Sepulveda Soto,Matias,Sepulveda Soto,CD ILLAPEL BASQUETBOL,32,25,7,2,REGULAR,substitution,1,out,,[]
2607028,2024-12-15,Final four,LNB 2,02:21,07:39,327,5,E. Sepulveda Soto,Eduardo,Sepulveda Soto,CD ILLAPEL BASQUETBOL,32,25,7,2,REGULAR,substitution,1,in,,[]
2607028,2024-12-15,Final four,LNB 2,02:10,07:50,330,15,A. Robinson Jr,Antone Dean,Robinson Jr,CD ILLAPEL BASQUETBOL,32,25,7,2,REGULAR,foul,1,personal,,"['shooting', '3freethrow']"
2607028,2024-12-15,Final four,LNB 2,02:10,07:50,331,77,L. Marquez Dogliotti,Lucas,Marquez Dogliotti,CORP. DEP. BOSTON COLLEGE,32,25,7,2,REGULAR,foulon,1,,330,[]
2607028,2024-12-15,Final four,LNB 2,02:09,07:51,332,77,L. Marquez Dogliotti,Lucas,Marquez Dogliotti,CORP. DEP. BOSTON COLLEGE,32,25,7,2,REGULAR,freethrow,0,1of3,,['fromturnover']
2607028,2024-12-15,Final four,LNB 2,02:09,07:51,333,77,L. Marquez Dogliotti,Lucas,Marquez Dogliotti,CORP. DEP. BOSTON COLLEGE,32,25,7,2,REGULAR,freethrow,0,2of3,,['fromturnover']
2607028,2024-12-15,Final four,LNB 2,02:09,07:51,334,77,L. Marquez Dogliotti,Lucas,Marquez Dogliotti,CORP. DEP. BOSTON COLLEGE,32,25,7,2,REGULAR,freethrow,0,3of3,,['fromturnover']
2607028,2024-12-15,Final four,LNB 2,02:09,07:51,336,77,L. Marquez Dogliotti,Lucas,Marquez Dogliotti,CORP. DEP. BOSTON COLLEGE,32,25,7,2,REGULAR,rebound,1,offensive,334,[]
2607028,2024-12-15,Final four,LNB 2,02:06,07:54,337,77,L. Marquez Dogliotti,Lucas,Marquez Dogliotti,CORP. DEP. BOSTON COLLEGE,32,25,7,2,REGULAR,2pt,0,floatingjumpshot,,"['2ndchance', 'fromturnover', 'pointsinthepaint']"
2607028,2024-12-15,Final four,LNB 2,02:03,07:57,338,11,S. Chialva Balut,Sergio,Chialva Balut,CD ILLAPEL BASQUETBOL,32,25,7,2,REGULAR,rebound,1,defensive,337,[]
2607028,2024-12-15,Final four,LNB 2,01:47,08:13,339,15,A. Robinson Jr,Antone Dean,Robinson Jr,CD ILLAPEL BASQUETBOL,32,25,7,2,REGULAR,3pt,0,jumpshot,,[]
2607028,2024-12-15,Final four,LNB 2,01:44,08:16,340,77,L. Marquez Dogliotti,Lucas,Marquez Dogliotti,CORP. DEP. BOSTON COLLEGE,32,25,7,2,REGULAR,rebound,1,defensive,339,[]
2607028,2024-12-15,Final four,LNB 2,01:24,08:36,342,23,V. Schulz Morend,Vicente H.,Schulz Morend,CORP. DEP. BOSTON COLLEGE,32,25,7,2,REGULAR,turnover,1,badpass,,[]
2607028,2024-12-15,Final four,LNB 2,01:24,08:36,344,15,F. Martinez Maury,Francisco,Martinez Maury,CORP. DEP. BOSTON COLLEGE,32,25,7,2,REGULAR,substitution,1,out,,[]
2607028,2024-12-15,Final four,LNB 2,01:24,08:36,345,23,V. Schulz Morend,Vicente H.,Schulz Morend,CORP. DEP. BOSTON COLLEGE,32,25,7,2,REGULAR,substitution,1,in,,[]
2607028,2024-12-15,Final four,LNB 2,01:08,08:52,346,6,R. Rojas Gonzalez,Rodrigo,Rojas Gonzalez,CD ILLAPEL BASQUETBOL,32,25,7,2,REGULAR,3pt,0,jumpshot,,['fromturnover']
2607028,2024-12-15,Final four,LNB 2,01:05,08:55,347,77,L. Marquez Dogliotti,Lucas,Marquez Dogliotti,CORP. DEP. BOSTON COLLEGE,32,25,7,2,REGULAR,rebound,1,defensive,346,[]
2607028,2024-12-15,Final four,LNB 2,01:01,08:59,349,7,G. Soto Contreras,Gabriel A.,Soto Contreras,CORP. DEP. BOSTON COLLEGE,32,28,4,2,REGULAR,3pt,1,jumpshot,,[]
2607028,2024-12-15,Final four,LNB 2,01:01,08:59,350,77,L. Marquez Dogliotti,Lucas,Marquez Dogliotti,CORP. DEP. BOSTON COLLEGE,32,28,4,2,REGULAR,assist,1,,349,[]
2607028,2024-12-15,Final four,LNB 2,01:01,08:59,351,,,,,CD ILLAPEL BASQUETBOL,32,28,4,2,REGULAR,timeout,1,full,,[]
2607028,2024-12-15,Final four,LNB 2,00:55,09:05,354,29,F. Villagran Veliz,Fernando J.,Villagran Veliz,CD ILLAPEL BASQUETBOL,32,28,4,2,REGULAR,turnover,1,ballhandling,,[]
2607028,2024-12-15,Final four,LNB 2,00:53,09:07,357,13,C. Ordonez Lucero,Cristobal J.,Ordonez Lucero,CORP. DEP. BOSTON COLLEGE,32,28,4,2,REGULAR,turnover,1,badpass,,[]
2607028,2024-12-15,Final four,LNB 2,00:35,09:25,359,5,E. Sepulveda Soto,Eduardo,Sepulveda Soto,CD ILLAPEL BASQUETBOL,35,28,7,2,REGULAR,3pt,1,jumpshot,,['fromturnover']
2607028,2024-12-15,Final four,LNB 2,00:35,09:25,360,15,A. Robinson Jr,Antone Dean,Robinson Jr,CD ILLAPEL BASQUETBOL,35,28,7,2,REGULAR,assist,1,,359,[]
2607028,2024-12-15,Final four,LNB 2,00:19,09:41,361,55,A. Galaviz Diaz,Angel,Galaviz Diaz,CORP. DEP. BOSTON COLLEGE,35,28,7,2,REGULAR,2pt,0,eurostep,,['pointsinthepaint']
2607028,2024-12-15,Final four,LNB 2,00:15,09:45,362,55,A. Galaviz Diaz,Angel,Galaviz Diaz,CORP. DEP. BOSTON COLLEGE,35,28,7,2,REGULAR,rebound,1,offensive,361,[]
2607028,2024-12-15,Final four,LNB 2,00:15,09:45,363,55,A. Galaviz Diaz,Angel,Galaviz Diaz,CORP. DEP. BOSTON COLLEGE,35,28,7,2,REGULAR,2pt,0,layup,,"['2ndchance', 'pointsinthepaint']"
2607028,2024-12-15,Final four,LNB 2,00:12,09:48,364,11,S. Chialva Balut,Sergio,Chialva Balut,CD ILLAPEL BASQUETBOL,35,28,7,2,REGULAR,rebound,1,defensive,363,[]
2607028,2024-12-15,Final four,LNB 2,00:09,09:51,366,,,,,CD ILLAPEL BASQUETBOL,35,28,7,2,REGULAR,timeout,1,full,,[]
2607028,2024-12-15,Final four,LNB 2,00:03,09:57,368,11,S. Chialva Balut,Sergio,Chialva Balut,CD ILLAPEL BASQUETBOL,35,28,7,2,REGULAR,3pt,0,jumpshot,,[]
2607028,2024-12-15,Final four,LNB 2,00:00,10:00,370,,,,,,35,28,7,2,REGULAR,period,1,end,,['confirmed']
2607028,2024-12-15,Final four,LNB 2,10:00,00:00,371,6,R. Rojas Gonzalez,Rodrigo,Rojas Gonzalez,CD ILLAPEL BASQUETBOL,35,28,7,3,REGULAR,substitution,1,out,,[]
2607028,2024-12-15,Final four,LNB 2,10:00,00:00,372,29,F. Villagran Veliz,Fernando J.,Villagran Veliz,CD ILLAPEL BASQUETBOL,35,28,7,3,REGULAR,substitution,1,out,,[]
2607028,2024-12-15,Final four,LNB 2,10:00,00:00,373,9,F. Gonzalez Burgos,Felipe,Gonzalez Burgos,CD ILLAPEL BASQUETBOL,35,28,7,3,REGULAR,substitution,1,in,,[]
2607028,2024-12-15,Final four,LNB 2,10:00,00:00,374,13,M. Sepulveda Soto,Matias,Sepulveda Soto,CD ILLAPEL BASQUETBOL,35,28,7,3,REGULAR,substitution,1,in,,[]
2607028,2024-12-15,Final four,LNB 2,10:00,00:00,375,,,,,,35,28,7,3,REGULAR,period,1,start,,[]
2607028,2024-12-15,Final four,LNB 2,09:48,00:12,378,7,G. Soto Contreras,Gabriel A.,Soto Contreras,CORP. DEP. BOSTON COLLEGE,35,31,4,3,REGULAR,3pt,1,jumpshot,,[]
2607028,2024-12-15,Final four,LNB 2,09:48,00:12,379,55,A. Galaviz Diaz,Angel,Galaviz Diaz,CORP. DEP. BOSTON COLLEGE,35,31,4,3,REGULAR,assist,1,,378,[]
2607028,2024-12-15,Final four,LNB 2,09:48,00:12,380,5,E. Sepulveda Soto,Eduardo,Sepulveda Soto,CD ILLAPEL BASQUETBOL,35,31,4,3,REGULAR,foul,1,personal,,[]
2607028,2024-12-15,Final four,LNB 2,09:48,00:12,381,77,L. Marquez Dogliotti,Lucas,Marquez Dogliotti,CORP. DEP. BOSTON COLLEGE,35,31,4,3,REGULAR,foulon,1,,380,[]
2607028,2024-12-15,Final four,LNB 2,09:42,00:18,383,7,G. Soto Contreras,Gabriel A.,Soto Contreras,CORP. DEP. BOSTON COLLEGE,35,31,4,3,REGULAR,3pt,0,pullupjumpshot,,[]
2607028,2024-12-15,Final four,LNB 2,09:38,00:22,384,23,V. Schulz Morend,Vicente H.,Schulz Morend,CORP. DEP. BOSTON COLLEGE,35,31,4,3,REGULAR,rebound,1,offensive,383,[]
2607028,2024-12-15,Final four,LNB 2,09:35,00:25,386,23,V. Schulz Morend,Vicente H.,Schulz Morend,CORP. DEP. BOSTON COLLEGE,35,31,4,3,REGULAR,turnover,1,badpass,,[]
2607028,2024-12-15,Final four,LNB 2,09:16,00:44,388,9,F. Gonzalez Burgos,Felipe,Gonzalez Burgos,CD ILLAPEL BASQUETBOL,35,31,4,3,REGULAR,turnover,1,badpass,,[]
2607028,2024-12-15,Final four,LNB 2,09:16,00:44,389,23,V. Schulz Morend,Vicente H.,Schulz Morend,CORP. DEP. BOSTON COLLEGE,35,31,4,3,REGULAR,steal,1,,388,[]
2607028,2024-12-15,Final four,LNB 2,09:10,00:50,390,7,G. Soto Contreras,Gabriel A.,Soto Contreras,CORP. DEP. BOSTON COLLEGE,35,31,4,3,REGULAR,2pt,0,drivinglayup,,"['fromturnover', 'pointsinthepaint']"
2607028,2024-12-15,Final four,LNB 2,09:07,00:53,391,13,M. Sepulveda Soto,Matias,Sepulveda Soto,CD ILLAPEL BASQUETBOL,35,31,4,3,REGULAR,rebound,1,defensive,390,[]
2607028,2024-12-15,Final four,LNB 2,09:03,00:57,393,15,A. Robinson Jr,Antone Dean,Robinson Jr,CD ILLAPEL BASQUETBOL,37,31,6,3,REGULAR,2pt,1,fadeaway,,['pointsinthepaint']
2607028,2024-12-15,Final four,LNB 2,09:03,00:57,394,55,A. Galaviz Diaz,Angel,Galaviz Diaz,CORP. DEP. BOSTON COLLEGE,37,31,6,3,REGULAR,foul,1,personal,,"['shooting', '1freethrow']"
2607028,2024-12-15,Final four,LNB 2,09:03,00:57,395,15,A. Robinson Jr,Antone Dean,Robinson Jr,CD ILLAPEL BASQUETBOL,37,31,6,3,REGULAR,foulon,1,,394,[]
2607028,2024-12-15,Final four,LNB 2,09:03,00:57,396,15,A. Robinson Jr,Antone Dean,Robinson Jr,CD ILLAPEL BASQUETBOL,38,31,7,3,REGULAR,freethrow,1,1of1,,[]
2607028,2024-12-15,Final four,LNB 2,08:44,01:16,399,77,L. Marquez Dogliotti,Lucas,Marquez Dogliotti,CORP. DEP. BOSTON COLLEGE,38,31,7,3,REGULAR,2pt,0,jumpshot,,[]
2607028,2024-12-15,Final four,LNB 2,08:43,01:17,400,,,,,CD ILLAPEL BASQUETBOL,38,31,7,3,REGULAR,rebound,1,defensive,399,['team']
2607028,2024-12-15,Final four,LNB 2,08:30,01:30,403,55,A. Galaviz Diaz,Angel,Galaviz Diaz,CORP. DEP. BOSTON COLLEGE,38,31,7,3,REGULAR,foul,1,personal,,"['shooting', '2freethrow']"
2607028,2024-12-15,Final four,LNB 2,08:30,01:30,404,15,A. Robinson Jr,Antone Dean,Robinson Jr,CD ILLAPEL BASQUETBOL,38,31,7,3,REGULAR,foulon,1,,403,[]
2607028,2024-12-15,Final four,LNB 2,08:30,01:30,405,15,A. Robinson Jr,Antone Dean,Robinson Jr,CD ILLAPEL BASQUETBOL,39,31,8,3,REGULAR,freethrow,1,1of2,,[]
2607028,2024-12-15,Final four,LNB 2,08:30,01:30,406,15,A. Robinson Jr,Antone Dean,Robinson Jr,CD ILLAPEL BASQUETBOL,40,31,9,3,REGULAR,freethrow,1,2of2,,[]
2607028,2024-12-15,Final four,LNB 2,08:15,01:45,408,23,V. Schulz Morend,Vicente H.,Schulz Morend,CORP. DEP. BOSTON COLLEGE,40,31,9,3,REGULAR,3pt,0,jumpshot,,[]
2607028,2024-12-15,Final four,LNB 2,08:13,01:47,409,13,M. Sepulveda Soto,Matias,Sepulveda Soto,CD ILLAPEL BASQUETBOL,40,31,9,3,REGULAR,rebound,1,defensive,408,[]
2607028,2024-12-15,Final four,LNB 2,08:06,01:54,410,5,E. Sepulveda Soto,Eduardo,Sepulveda Soto,CD ILLAPEL BASQUETBOL,40,31,9,3,REGULAR,3pt,0,jumpshot,,[]
2607028,2024-12-15,Final four,LNB 2,08:02,01:58,412,,,,,CORP. DEP. BOSTON COLLEGE,40,31,9,3,REGULAR,rebound,1,defensive,410,['team']
2607028,2024-12-15,Final four,LNB 2,07:48,02:12,414,7,G. Soto Contreras,Gabriel A.,Soto Contreras,CORP. DEP. BOSTON COLLEGE,40,31,9,3,REGULAR,turnover,1,badpass,,[]
2607028,2024-12-15,Final four,LNB 2,07:48,02:12,415,13,M. Sepulveda Soto,Matias,Sepulveda Soto,CD ILLAPEL BASQUETBOL,40,31,9,3,REGULAR,steal,1,,414,[]
2607028,2024-12-15,Final four,LNB 2,07:39,02:21,417,55,A. Galaviz Diaz,Angel,Galaviz Diaz,CORP. DEP. BOSTON COLLEGE,40,31,9,3,REGULAR,foul,1,personal,,[]
2607028,2024-12-15,Final four,LNB 2,07:39,02:21,418,13,M. Sepulveda Soto,Matias,Sepulveda Soto,CD ILLAPEL BASQUETBOL,40,31,9,3,REGULAR,foulon,1,,417,[]
2607028,2024-12-15,Final four,LNB 2,07:30,02:30,420,11,S. Chialva Balut,Sergio,Chialva Balut,CD ILLAPEL BASQUETBOL,42,31,11,3,REGULAR,2pt,1,layup,,"['fromturnover', 'pointsinthepaint']"
2607028,2024-12-15,Final four,LNB 2,07:21,02:39,424,11,S. Chialva Balut,Sergio,Chialva Balut,CD ILLAPEL BASQUETBOL,42,31,11,3,REGULAR,foul,1,personal,,"['shooting', '2freethrow']"
2607028,2024-12-15,Final four,LNB 2,07:21,02:39,425,13,C. Ordonez Lucero,Cristobal J.,Ordonez Lucero,CORP. DEP. BOSTON COLLEGE,42,31,11,3,REGULAR,foulon,1,,424,[]
2607028,2024-12-15,Final four,LNB 2,07:21,02:39,426,13,C. Ordonez Lucero,Cristobal J.,Ordonez Lucero,CORP. DEP. BOSTON COLLEGE,42,32,10,3,REGULAR,freethrow,1,1of2,,[]
2607028,2024-12-15,Final four,LNB 2,07:21,02:39,427,13,C. Ordonez Lucero,Cristobal J.,Ordonez Lucero,CORP. DEP. BOSTON COLLEGE,42,33,9,3,REGULAR,freethrow,1,2of2,,[]
2607028,2024-12-15,Final four,LNB 2,07:10,02:50,429,15,A. Robinson Jr,Antone Dean,Robinson Jr,CD ILLAPEL BASQUETBOL,42,33,9,3,REGULAR,2pt,0,jumpshot,,[]
2607028,2024-12-15,Final four,LNB 2,07:08,02:52,430,13,C. Ordonez Lucero,Cristobal J.,Ordonez Lucero,CORP. DEP. BOSTON COLLEGE,42,33,9,3,REGULAR,rebound,1,defensive,429,[]
2607028,2024-12-15,Final four,LNB 2,07:06,02:54,431,13,C. Ordonez Lucero,Cristobal J.,Ordonez Lucero,CORP. DEP. BOSTON COLLEGE,42,33,9,3,REGULAR,turnover,1,badpass,,[]
2607028,2024-12-15,Final four,LNB 2,07:06,02:54,432,9,F. Gonzalez Burgos,Felipe,Gonzalez Burgos,CD ILLAPEL BASQUETBOL,42,33,9,3,REGULAR,steal,1,,431,[]
2607028,2024-12-15,Final four,LNB 2,07:01,02:59,433,5,E. Sepulveda Soto,Eduardo,Sepulveda Soto,CD ILLAPEL BASQUETBOL,42,33,9,3,REGULAR,3pt,0,jumpshot,,['fromturnover']
2607028,2024-12-15,Final four,LNB 2,06:58,03:02,435,,,,,CD ILLAPEL BASQUETBOL,42,33,9,3,REGULAR,rebound,1,offensive,433,['team']
2607028,2024-12-15,Final four,LNB 2,06:51,03:09,438,77,L. Marquez Dogliotti,Lucas,Marquez Dogliotti,CORP. DEP. BOSTON COLLEGE,42,33,9,3,REGULAR,foul,1,personal,,"['shooting', '2freethrow']"
2607028,2024-12-15,Final four,LNB 2,06:51,03:09,439,11,S. Chialva Balut,Sergio,Chialva Balut,CD ILLAPEL BASQUETBOL,42,33,9,3,REGULAR,foulon,1,,438,[]
2607028,2024-12-15,Final four,LNB 2,06:51,03:09,440,11,S. Chialva Balut,Sergio,Chialva Balut,CD ILLAPEL BASQUETBOL,43,33,10,3,REGULAR,freethrow,1,1of2,,"['2ndchance', 'fromturnover']"
2607028,2024-12-15,Final four,LNB 2,06:51,03:09,441,15,A. Robinson Jr,Antone Dean,Robinson Jr,CD ILLAPEL BASQUETBOL,43,33,10,3,REGULAR,assist,1,,440,[]
2607028,2024-12-15,Final four,LNB 2,06:51,03:09,442,11,S. Chialva Balut,Sergio,Chialva Balut,CD ILLAPEL BASQUETBOL,43,33,10,3,REGULAR,freethrow,0,2of2,,"['2ndchance', 'fromturnover']"
2607028,2024-12-15,Final four,LNB 2,06:51,03:09,444,77,L. Marquez Dogliotti,Lucas,Marquez Dogliotti,CORP. DEP. BOSTON COLLEGE,43,33,10,3,REGULAR,rebound,1,defensive,442,[]
2607028,2024-12-15,Final four,LNB 2,06:49,03:11,445,9,F. Gonzalez Burgos,Felipe,Gonzalez Burgos,CD ILLAPEL BASQUETBOL,43,33,10,3,REGULAR,foul,1,personal,,[]
2607028,2024-12-15,Final four,LNB 2,06:49,03:11,447,77,L. Marquez Dogliotti,Lucas,Marquez Dogliotti,CORP. DEP. BOSTON COLLEGE,43,33,10,3,REGULAR,foulon,1,,445,[]
2607028,2024-12-15,Final four,LNB 2,06:32,03:28,450,77,L. Marquez Dogliotti,Lucas,Marquez Dogliotti,CORP. DEP. BOSTON COLLEGE,43,35,8,3,REGULAR,2pt,1,drivinglayup,,['pointsinthepaint']
2607028,2024-12-15,Final four,LNB 2,06:12,03:48,451,5,E. Sepulveda Soto,Eduardo,Sepulveda Soto,CD ILLAPEL BASQUETBOL,43,35,8,3,REGULAR,turnover,1,badpass,,[]
2607028,2024-12-15,Final four,LNB 2,06:12,03:48,452,13,C. Ordonez Lucero,Cristobal J.,Ordonez Lucero,CORP. DEP. BOSTON COLLEGE,43,35,8,3,REGULAR,steal,1,,451,[]
2607028,2024-12-15,Final four,LNB 2,06:07,03:53,453,13,C. Ordonez Lucero,Cristobal J.,Ordonez Lucero,CORP. DEP. BOSTON COLLEGE,43,37,6,3,REGULAR,2pt,1,layup,,"['fromturnover', 'pointsinthepaint', 'fastbreak']"
2607028,2024-12-15,Final four,LNB 2,05:48,04:12,454,15,A. Robinson Jr,Antone Dean,Robinson Jr,CD ILLAPEL BASQUETBOL,43,37,6,3,REGULAR,2pt,0,layup,,['pointsinthepaint']
2607028,2024-12-15,Final four,LNB 2,05:46,04:14,455,11,S. Chialva Balut,Sergio,Chialva Balut,CD ILLAPEL BASQUETBOL,43,37,6,3,REGULAR,rebound,1,offensive,454,[]
2607028,2024-12-15,Final four,LNB 2,05:44,04:16,456,11,S. Chialva Balut,Sergio,Chialva Balut,CD ILLAPEL BASQUETBOL,43,37,6,3,REGULAR,2pt,0,layup,,"['2ndchance', 'pointsinthepaint', 'blocked']"
2607028,2024-12-15,Final four,LNB 2,05:44,04:16,457,55,A. Galaviz Diaz,Angel,Galaviz Diaz,CORP. DEP. BOSTON COLLEGE,43,37,6,3,REGULAR,block,1,,456,[]
2607028,2024-12-15,Final four,LNB 2,05:40,04:20,458,11,S. Chialva Balut,Sergio,Chialva Balut,CD ILLAPEL BASQUETBOL,43,37,6,3,REGULAR,rebound,1,offensive,456,[]
2607028,2024-12-15,Final four,LNB 2,05:39,04:21,459,15,A. Robinson Jr,Antone Dean,Robinson Jr,CD ILLAPEL BASQUETBOL,43,37,6,3,REGULAR,2pt,0,layup,,"['2ndchance', 'pointsinthepaint']"
2607028,2024-12-15,Final four,LNB 2,05:36,04:24,460,77,L. Marquez Dogliotti,Lucas,Marquez Dogliotti,CORP. DEP. BOSTON COLLEGE,43,37,6,3,REGULAR,rebound,1,defensive,459,[]
2607028,2024-12-15,Final four,LNB 2,05:16,04:44,467,7,G. Soto Contreras,Gabriel A.,Soto Contreras,CORP. DEP. BOSTON COLLEGE,43,37,6,3,REGULAR,3pt,0,floatingjumpshot,,[]
2607028,2024-12-15,Final four,LNB 2,05:12,04:48,468,9,F. Gonzalez Burgos,Felipe,Gonzalez Burgos,CD ILLAPEL BASQUETBOL,43,37,6,3,REGULAR,rebound,1,defensive,467,[]
2607028,2024-12-15,Final four,LNB 2,05:01,04:59,469,15,A. Robinson Jr,Antone Dean,Robinson Jr,CD ILLAPEL BASQUETBOL,43,37,6,3,REGULAR,3pt,0,jumpshot,,[]
2607028,2024-12-15,Final four,LNB 2,04:58,05:02,470,77,L. Marquez Dogliotti,Lucas,Marquez Dogliotti,CORP. DEP. BOSTON COLLEGE,43,37,6,3,REGULAR,rebound,1,defensive,469,[]
2607028,2024-12-15,Final four,LNB 2,04:50,05:10,471,13,C. Ordonez Lucero,Cristobal J.,Ordonez Lucero,CORP. DEP. BOSTON COLLEGE,43,39,4,3,REGULAR,2pt,1,dunk,,['pointsinthepaint']
2607028,2024-12-15,Final four,LNB 2,04:48,05:12,473,,,,,CD ILLAPEL BASQUETBOL,43,39,4,3,REGULAR,timeout,1,full,,[]
2607028,2024-12-15,Final four,LNB 2,04:48,05:12,474,11,S. Chialva Balut,Sergio,Chialva Balut,CD ILLAPEL BASQUETBOL,43,39,4,3,REGULAR,substitution,1,out,,[]
2607028,2024-12-15,Final four,LNB 2,04:48,05:12,475,6,R. Rojas Gonzalez,Rodrigo,Rojas Gonzalez,CD ILLAPEL BASQUETBOL,43,39,4,3,REGULAR,substitution,1,in,,[]
2607028,2024-12-15,Final four,LNB 2,04:29,05:31,477,5,E. Sepulveda Soto,Eduardo,Sepulveda Soto,CD ILLAPEL BASQUETBOL,43,39,4,3,REGULAR,3pt,0,stepbackjumpshot,,[]
2607028,2024-12-15,Final four,LNB 2,04:24,05:36,478,6,R. Rojas Gonzalez,Rodrigo,Rojas Gonzalez,CD ILLAPEL BASQUETBOL,43,39,4,3,REGULAR,rebound,1,offensive,477,[]
2607028,2024-12-15,Final four,LNB 2,04:23,05:37,479,6,R. Rojas Gonzalez,Rodrigo,Rojas Gonzalez,CD ILLAPEL BASQUETBOL,43,39,4,3,REGULAR,2pt,0,layup,,"['2ndchance', 'pointsinthepaint', 'blocked']"
2607028,2024-12-15,Final four,LNB 2,04:23,05:37,480,55,A. Galaviz Diaz,Angel,Galaviz Diaz,CORP. DEP. BOSTON COLLEGE,43,39,4,3,REGULAR,block,1,,479,[]
2607028,2024-12-15,Final four,LNB 2,04:20,05:40,481,13,C. Ordonez Lucero,Cristobal J.,Ordonez Lucero,CORP. DEP. BOSTON COLLEGE,43,39,4,3,REGULAR,rebound,1,defensive,479,[]
2607028,2024-12-15,Final four,LNB 2,04:10,05:50,482,13,C. Ordonez Lucero,Cristobal J.,Ordonez Lucero,CORP. DEP. BOSTON COLLEGE,43,39,4,3,REGULAR,turnover,1,badpass,,[]
2607028,2024-12-15,Final four,LNB 2,04:10,05:50,483,9,F. Gonzalez Burgos,Felipe,Gonzalez Burgos,CD ILLAPEL BASQUETBOL,43,39,4,3,REGULAR,steal,1,,482,[]
2607028,2024-12-15,Final four,LNB 2,04:02,05:58,484,5,E. Sepulveda Soto,Eduardo,Sepulveda Soto,CD ILLAPEL BASQUETBOL,43,39,4,3,REGULAR,turnover,1,badpass,,[]
2607028,2024-12-15,Final four,LNB 2,04:02,05:58,485,77,L. Marquez Dogliotti,Lucas,Marquez Dogliotti,CORP. DEP. BOSTON COLLEGE,43,39,4,3,REGULAR,steal,1,,484,[]
2607028,2024-12-15,Final four,LNB 2,03:57,06:03,486,55,A. Galaviz Diaz,Angel,Galaviz Diaz,CORP. DEP. BOSTON COLLEGE,43,39,4,3,REGULAR,turnover,1,ballhandling,,[]
2607028,2024-12-15,Final four,LNB 2,03:57,06:03,487,15,A. Robinson Jr,Antone Dean,Robinson Jr,CD ILLAPEL BASQUETBOL,43,39,4,3,REGULAR,steal,1,,486,[]
2607028,2024-12-15,Final four,LNB 2,03:51,06:09,488,6,R. Rojas Gonzalez,Rodrigo,Rojas Gonzalez,CD ILLAPEL BASQUETBOL,45,39,6,3,REGULAR,2pt,1,drivinglayup,,"['fromturnover', 'pointsinthepaint']"
2607028,2024-12-15,Final four,LNB 2,03:51,06:09,489,5,E. Sepulveda Soto,Eduardo,Sepulveda Soto,CD ILLAPEL BASQUETBOL,45,39,6,3,REGULAR,assist,1,,488,[]
2607028,2024-12-15,Final four,LNB 2,03:32,06:28,490,77,L. Marquez Dogliotti,Lucas,Marquez Dogliotti,CORP. DEP. BOSTON COLLEGE,45,39,6,3,REGULAR,turnover,1,ballhandling,,[]
2607028,2024-12-15,Final four,LNB 2,03:32,06:28,491,13,M. Sepulveda Soto,Matias,Sepulveda Soto,CD ILLAPEL BASQUETBOL,45,39,6,3,REGULAR,steal,1,,490,[]
2607028,2024-12-15,Final four,LNB 2,03:26,06:34,493,23,V. Schulz Morend,Vicente H.,Schulz Morend,CORP. DEP. BOSTON COLLEGE,45,39,6,3,REGULAR,foul,1,personal,,"['shooting', '2freethrow']"
2607028,2024-12-15,Final four,LNB 2,03:26,06:34,494,6,R. Rojas Gonzalez,Rodrigo,Rojas Gonzalez,CD ILLAPEL BASQUETBOL,45,39,6,3,REGULAR,foulon,1,,493,[]
2607028,2024-12-15,Final four,LNB 2,03:26,06:34,495,,,,,CORP. DEP. BOSTON COLLEGE,45,39,6,3,REGULAR,timeout,1,full,,[]
2607028,2024-12-15,Final four,LNB 2,03:26,06:34,496,13,C. Ordonez Lucero,Cristobal J.,Ordonez Lucero,CORP. DEP. BOSTON COLLEGE,45,39,6,3,REGULAR,substitution,1,out,,[]
2607028,2024-12-15,Final four,LNB 2,03:26,06:34,497,55,A. Galaviz Diaz,Angel,Galaviz Diaz,CORP. DEP. BOSTON COLLEGE,45,39,6,3,REGULAR,substitution,1,out,,[]
2607028,2024-12-15,Final four,LNB 2,03:26,06:34,498,5,R. Castellano Pinto,Rodrigo I.,Castellano Pinto,CORP. DEP. BOSTON COLLEGE,45,39,6,3,REGULAR,substitution,1,in,,[]
2607028,2024-12-15,Final four,LNB 2,03:26,06:34,499,22,H. Reyes Mosquera,Hebert J.,Reyes Mosquera,CORP. DEP. BOSTON COLLEGE,45,39,6,3,REGULAR,substitution,1,in,,[]
2607028,2024-12-15,Final four,LNB 2,03:26,06:34,500,6,R. Rojas Gonzalez,Rodrigo,Rojas Gonzalez,CD ILLAPEL BASQUETBOL,46,39,7,3,REGULAR,freethrow,1,1of2,,['fromturnover']
2607028,2024-12-15,Final four,LNB 2,03:26,06:34,501,15,A. Robinson Jr,Antone Dean,Robinson Jr,CD ILLAPEL BASQUETBOL,46,39,7,3,REGULAR,assist,1,,500,[]
2607028,2024-12-15,Final four,LNB 2,03:26,06:34,502,6,R. Rojas Gonzalez,Rodrigo,Rojas Gonzalez,CD ILLAPEL BASQUETBOL,46,39,7,3,REGULAR,freethrow,0,2of2,,['fromturnover']
2607028,2024-12-15,Final four,LNB 2,03:26,06:34,504,9,F. Gonzalez Burgos,Felipe,Gonzalez Burgos,CD ILLAPEL BASQUETBOL,46,39,7,3,REGULAR,rebound,1,offensive,502,[]
2607028,2024-12-15,Final four,LNB 2,03:13,06:47,505,15,A. Robinson Jr,Antone Dean,Robinson Jr,CD ILLAPEL BASQUETBOL,46,39,7,3,REGULAR,2pt,0,layup,,"['2ndchance', 'pointsinthepaint', 'blocked']"
2607028,2024-12-15,Final four,LNB 2,03:13,06:47,506,77,L. Marquez Dogliotti,Lucas,Marquez Dogliotti,CORP. DEP. BOSTON COLLEGE,46,39,7,3,REGULAR,block,1,,505,[]
2607028,2024-12-15,Final four,LNB 2,03:09,06:51,507,5,R. Castellano Pinto,Rodrigo I.,Castellano Pinto,CORP. DEP. BOSTON COLLEGE,46,39,7,3,REGULAR,rebound,1,defensive,505,[]
2607028,2024-12-15,Final four,LNB 2,03:06,06:54,509,9,F. Gonzalez Burgos,Felipe,Gonzalez Burgos,CD ILLAPEL BASQUETBOL,46,39,7,3,REGULAR,foul,1,personal,,"['shooting', '2freethrow']"
2607028,2024-12-15,Final four,LNB 2,03:06,06:54,510,77,L. Marquez Dogliotti,Lucas,Marquez Dogliotti,CORP. DEP. BOSTON COLLEGE,46,39,7,3,REGULAR,foulon,1,,509,[]
2607028,2024-12-15,Final four,LNB 2,03:06,06:54,511,9,F. Gonzalez Burgos,Felipe,Gonzalez Burgos,CD ILLAPEL BASQUETBOL,46,39,7,3,REGULAR,substitution,1,out,,[]
2607028,2024-12-15,Final four,LNB 2,03:06,06:54,512,29,F. Villagran Veliz,Fernando J.,Villagran Veliz,CD ILLAPEL BASQUETBOL,46,39,7,3,REGULAR,substitution,1,in,,[]
2607028,2024-12-15,Final four,LNB 2,03:06,06:54,513,77,L. Marquez Dogliotti,Lucas,Marquez Dogliotti,CORP. DEP. BOSTON COLLEGE,46,40,6,3,REGULAR,freethrow,1,1of2,,[]
2607028,2024-12-15,Final four,LNB 2,03:06,06:54,514,5,R. Castellano Pinto,Rodrigo I.,Castellano Pinto,CORP. DEP. BOSTON COLLEGE,46,40,6,3,REGULAR,assist,1,,513,[]
2607028,2024-12-15,Final four,LNB 2,03:06,06:54,515,77,L. Marquez Dogliotti,Lucas,Marquez Dogliotti,CORP. DEP. BOSTON COLLEGE,46,41,5,3,REGULAR,freethrow,1,2of2,,[]
2607028,2024-12-15,Final four,LNB 2,03:06,06:54,516,77,L. Marquez Dogliotti,Lucas,Marquez Dogliotti,CORP. DEP. BOSTON COLLEGE,46,41,5,3,REGULAR,substitution,1,out,,[]
2607028,2024-12-15,Final four,LNB 2,03:06,06:54,517,3,G. Fernandez Castro,Gaston I.,Fernandez Castro,CORP. DEP. BOSTON COLLEGE,46,41,5,3,REGULAR,substitution,1,in,,[]
2607028,2024-12-15,Final four,LNB 2,02:52,07:08,519,6,R. Rojas Gonzalez,Rodrigo,Rojas Gonzalez,CD ILLAPEL BASQUETBOL,46,41,5,3,REGULAR,2pt,0,layup,,"['pointsinthepaint', 'blocked']"
2607028,2024-12-15,Final four,LNB 2,02:52,07:08,520,22,H. Reyes Mosquera,Hebert J.,Reyes Mosquera,CORP. DEP. BOSTON COLLEGE,46,41,5,3,REGULAR,block,1,,519,[]
2607028,2024-12-15,Final four,LNB 2,02:49,07:11,521,22,H. Reyes Mosquera,Hebert J.,Reyes Mosquera,CORP. DEP. BOSTON COLLEGE,46,41,5,3,REGULAR,rebound,1,defensive,519,[]
2607028,2024-12-15,Final four,LNB 2,02:35,07:25,522,22,H. Reyes Mosquera,Hebert J.,Reyes Mosquera,CORP. DEP. BOSTON COLLEGE,46,41,5,3,REGULAR,turnover,1,badpass,,[]
2607028,2024-12-15,Final four,LNB 2,02:35,07:25,523,13,M. Sepulveda Soto,Matias,Sepulveda Soto,CD ILLAPEL BASQUETBOL,46,41,5,3,REGULAR,steal,1,,522,[]
2607028,2024-12-15,Final four,LNB 2,02:20,07:40,525,5,E. Sepulveda Soto,Eduardo,Sepulveda Soto,CD ILLAPEL BASQUETBOL,46,41,5,3,REGULAR,substitution,1,out,,[]
2607028,2024-12-15,Final four,LNB 2,02:20,07:40,526,11,S. Chialva Balut,Sergio,Chialva Balut,CD ILLAPEL BASQUETBOL,46,41,5,3,REGULAR,substitution,1,in,,[]
2607028,2024-12-15,Final four,LNB 2,02:10,07:50,528,13,M. Sepulveda Soto,Matias,Sepulveda Soto,CD ILLAPEL BASQUETBOL,46,41,5,3,REGULAR,3pt,0,jumpshot,,['fromturnover']
2607028,2024-12-15,Final four,LNB 2,02:06,07:54,529,15,A. Robinson Jr,Antone Dean,Robinson Jr,CD ILLAPEL BASQUETBOL,46,41,5,3,REGULAR,rebound,1,offensive,528,[]
2607028,2024-12-15,Final four,LNB 2,02:05,07:55,530,15,A. Robinson Jr,Antone Dean,Robinson Jr,CD ILLAPEL BASQUETBOL,48,41,7,3,REGULAR,2pt,1,layup,,"['2ndchance', 'fromturnover', 'pointsinthepaint']"
2607028,2024-12-15,Final four,LNB 2,01:54,08:06,531,23,V. Schulz Morend,Vicente H.,Schulz Morend,CORP. DEP. BOSTON COLLEGE,48,41,7,3,REGULAR,2pt,0,pullupjumpshot,,[]
2607028,2024-12-15,Final four,LNB 2,01:50,08:10,532,6,R. Rojas Gonzalez,Rodrigo,Rojas Gonzalez,CD ILLAPEL BASQUETBOL,48,41,7,3,REGULAR,rebound,1,defensive,531,[]
2607028,2024-12-15,Final four,LNB 2,01:45,08:15,533,15,A. Robinson Jr,Antone Dean,Robinson Jr,CD ILLAPEL BASQUETBOL,50,41,9,3,REGULAR,2pt,1,dunk,,['pointsinthepaint']
2607028,2024-12-15,Final four,LNB 2,01:45,08:15,534,6,R. Rojas Gonzalez,Rodrigo,Rojas Gonzalez,CD ILLAPEL BASQUETBOL,50,41,9,3,REGULAR,assist,1,,533,[]
2607028,2024-12-15,Final four,LNB 2,01:31,08:29,536,3,G. Fernandez Castro,Gaston I.,Fernandez Castro,CORP. DEP. BOSTON COLLEGE,50,41,9,3,REGULAR,foul,1,offensive,,[]
2607028,2024-12-15,Final four,LNB 2,01:31,08:29,537,3,G. Fernandez Castro,Gaston I.,Fernandez Castro,CORP. DEP. BOSTON COLLEGE,50,41,9,3,REGULAR,turnover,1,offensive,536,[]
2607028,2024-12-15,Final four,LNB 2,01:31,08:29,538,29,F. Villagran Veliz,Fernando J.,Villagran Veliz,CD ILLAPEL BASQUETBOL,50,41,9,3,REGULAR,foulon,1,,536,[]
2607028,2024-12-15,Final four,LNB 2,01:31,08:29,539,7,G. Soto Contreras,Gabriel A.,Soto Contreras,CORP. DEP. BOSTON COLLEGE,50,41,9,3,REGULAR,substitution,1,out,,[]
2607028,2024-12-15,Final four,LNB 2,01:31,08:29,540,55,A. Galaviz Diaz,Angel,Galaviz Diaz,CORP. DEP. BOSTON COLLEGE,50,41,9,3,REGULAR,substitution,1,in,,[]
2607028,2024-12-15,Final four,LNB 2,01:25,08:35,543,5,R. Castellano Pinto,Rodrigo I.,Castellano Pinto,CORP. DEP. BOSTON COLLEGE,50,41,9,3,REGULAR,foul,1,personal,,['2freethrow']
2607028,2024-12-15,Final four,LNB 2,01:25,08:35,544,29,F. Villagran Veliz,Fernando J.,Villagran Veliz,CD ILLAPEL BASQUETBOL,50,41,9,3,REGULAR,foulon,1,,543,[]
2607028,2024-12-15,Final four,LNB 2,01:25,08:35,545,29,F. Villagran Veliz,Fernando J.,Villagran Veliz,CD ILLAPEL BASQUETBOL,51,41,10,3,REGULAR,freethrow,1,1of2,,['fromturnover']
2607028,2024-12-15,Final four,LNB 2,01:25,08:35,546,29,F. Villagran Veliz,Fernando J.,Villagran Veliz,CD ILLAPEL BASQUETBOL,51,41,10,3,REGULAR,freethrow,0,2of2,,['fromturnover']
2607028,2024-12-15,Final four,LNB 2,01:25,08:35,548,55,A. Galaviz Diaz,Angel,Galaviz Diaz,CORP. DEP. BOSTON COLLEGE,51,41,10,3,REGULAR,rebound,1,defensive,546,[]
2607028,2024-12-15,Final four,LNB 2,01:09,08:51,549,3,G. Fernandez Castro,Gaston I.,Fernandez Castro,CORP. DEP. BOSTON COLLEGE,51,41,10,3,REGULAR,3pt,0,pullupjumpshot,,[]
2607028,2024-12-15,Final four,LNB 2,01:06,08:54,550,13,M. Sepulveda Soto,Matias,Sepulveda Soto,CD ILLAPEL BASQUETBOL,51,41,10,3,REGULAR,rebound,1,defensive,549,[]
2607028,2024-12-15,Final four,LNB 2,00:54,09:06,551,13,M. Sepulveda Soto,Matias,Sepulveda Soto,CD ILLAPEL BASQUETBOL,51,41,10,3,REGULAR,2pt,0,layup,,"['pointsinthepaint', 'blocked']"
2607028,2024-12-15,Final four,LNB 2,00:54,09:06,552,5,R. Castellano Pinto,Rodrigo I.,Castellano Pinto,CORP. DEP. BOSTON COLLEGE,51,41,10,3,REGULAR,rebound,1,defensive,551,[]
2607028,2024-12-15,Final four,LNB 2,00:54,09:06,553,55,A. Galaviz Diaz,Angel,Galaviz Diaz,CORP. DEP. BOSTON COLLEGE,51,41,10,3,REGULAR,block,1,,551,[]
2607028,2024-12-15,Final four,LNB 2,00:35,09:25,554,55,A. Galaviz Diaz,Angel,Galaviz Diaz,CORP. DEP. BOSTON COLLEGE,51,41,10,3,REGULAR,3pt,0,pullupjumpshot,,[]
2607028,2024-12-15,Final four,LNB 2,00:32,09:28,555,15,A. Robinson Jr,Antone Dean,Robinson Jr,CD ILLAPEL BASQUETBOL,51,41,10,3,REGULAR,rebound,1,defensive,554,[]
2607028,2024-12-15,Final four,LNB 2,00:21,09:39,557,6,R. Rojas Gonzalez,Rodrigo,Rojas Gonzalez,CD ILLAPEL BASQUETBOL,51,41,10,3,REGULAR,turnover,1,ballhandling,,[]
2607028,2024-12-15,Final four,LNB 2,00:21,09:39,558,3,G. Fernandez Castro,Gaston I.,Fernandez Castro,CORP. DEP. BOSTON COLLEGE,51,41,10,3,REGULAR,substitution,1,out,,[]
2607028,2024-12-15,Final four,LNB 2,00:21,09:39,559,5,R. Castellano Pinto,Rodrigo I.,Castellano Pinto,CORP. DEP. BOSTON COLLEGE,51,41,10,3,REGULAR,substitution,1,out,,[]
2607028,2024-12-15,Final four,LNB 2,00:21,09:39,560,22,H. Reyes Mosquera,Hebert J.,Reyes Mosquera,CORP. DEP. BOSTON COLLEGE,51,41,10,3,REGULAR,substitution,1,out,,[]
2607028,2024-12-15,Final four,LNB 2,00:21,09:39,561,55,A. Galaviz Diaz,Angel,Galaviz Diaz,CORP. DEP. BOSTON COLLEGE,51,41,10,3,REGULAR,substitution,1,out,,[]
2607028,2024-12-15,Final four,LNB 2,00:21,09:39,562,7,G. Soto Contreras,Gabriel A.,Soto Contreras,CORP. DEP. BOSTON COLLEGE,51,41,10,3,REGULAR,substitution,1,in,,[]
2607028,2024-12-15,Final four,LNB 2,00:21,09:39,563,13,C. Ordonez Lucero,Cristobal J.,Ordonez Lucero,CORP. DEP. BOSTON COLLEGE,51,41,10,3,REGULAR,substitution,1,in,,[]
2607028,2024-12-15,Final four,LNB 2,00:21,09:39,564,15,F. Martinez Maury,Francisco,Martinez Maury,CORP. DEP. BOSTON COLLEGE,51,41,10,3,REGULAR,substitution,1,in,,[]
2607028,2024-12-15,Final four,LNB 2,00:21,09:39,565,77,L. Marquez Dogliotti,Lucas,Marquez Dogliotti,CORP. DEP. BOSTON COLLEGE,51,41,10,3,REGULAR,substitution,1,in,,[]
2607028,2024-12-15,Final four,LNB 2,00:00,10:00,584,23,V. Schulz Morend,Vicente H.,Schulz Morend,CORP. DEP. BOSTON COLLEGE,51,41,10,3,REGULAR,2pt,0,layup,,"['fromturnover', 'pointsinthepaint']"
2607028,2024-12-15,Final four,LNB 2,00:00,10:00,585,11,S. Chialva Balut,Sergio,Chialva Balut,CD ILLAPEL BASQUETBOL,51,41,10,3,REGULAR,rebound,1,defensive,584,[]
2607028,2024-12-15,Final four,LNB 2,00:00,10:00,586,6,R. Rojas Gonzalez,Rodrigo,Rojas Gonzalez,CD ILLAPEL BASQUETBOL,51,41,10,3,REGULAR,3pt,0,pullupjumpshot,,[]
2607028,2024-12-15,Final four,LNB 2,00:00,10:00,589,,,,,,51,41,10,3,REGULAR,period,1,end,,['confirmed']
2607028,2024-12-15,Final four,LNB 2,10:00,00:00,590,13,M. Sepulveda Soto,Matias,Sepulveda Soto,CD ILLAPEL BASQUETBOL,51,41,10,4,REGULAR,substitution,1,out,,[]
2607028,2024-12-15,Final four,LNB 2,10:00,00:00,591,5,E. Sepulveda Soto,Eduardo,Sepulveda Soto,CD ILLAPEL BASQUETBOL,51,41,10,4,REGULAR,substitution,1,in,,[]
2607028,2024-12-15,Final four,LNB 2,10:00,00:00,592,15,F. Martinez Maury,Francisco,Martinez Maury,CORP. DEP. BOSTON COLLEGE,51,41,10,4,REGULAR,substitution,1,out,,[]
2607028,2024-12-15,Final four,LNB 2,10:00,00:00,593,22,H. Reyes Mosquera,Hebert J.,Reyes Mosquera,CORP. DEP. BOSTON COLLEGE,51,41,10,4,REGULAR,substitution,1,in,,[]
2607028,2024-12-15,Final four,LNB 2,10:00,00:00,594,,,,,,51,41,10,4,REGULAR,period,1,start,,[]
2607028,2024-12-15,Final four,LNB 2,09:47,00:13,596,29,F. Villagran Veliz,Fernando J.,Villagran Veliz,CD ILLAPEL BASQUETBOL,53,41,12,4,REGULAR,2pt,1,eurostep,,['pointsinthepaint']
2607028,2024-12-15,Final four,LNB 2,09:32,00:28,599,23,V. Schulz Morend,Vicente H.,Schulz Morend,CORP. DEP. BOSTON COLLEGE,53,41,12,4,REGULAR,turnover,1,badpass,,[]
2607028,2024-12-15,Final four,LNB 2,09:32,00:28,600,29,F. Villagran Veliz,Fernando J.,Villagran Veliz,CD ILLAPEL BASQUETBOL,53,41,12,4,REGULAR,steal,1,,599,[]
2607028,2024-12-15,Final four,LNB 2,09:28,00:32,601,6,R. Rojas Gonzalez,Rodrigo,Rojas Gonzalez,CD ILLAPEL BASQUETBOL,55,41,14,4,REGULAR,2pt,1,layup,,"['fromturnover', 'pointsinthepaint', 'fastbreak']"
2607028,2024-12-15,Final four,LNB 2,09:28,00:32,602,15,A. Robinson Jr,Antone Dean,Robinson Jr,CD ILLAPEL BASQUETBOL,55,41,14,4,REGULAR,assist,1,,601,[]
2607028,2024-12-15,Final four,LNB 2,09:16,00:44,603,23,V. Schulz Morend,Vicente H.,Schulz Morend,CORP. DEP. BOSTON COLLEGE,55,41,14,4,REGULAR,turnover,1,badpass,,[]
2607028,2024-12-15,Final four,LNB 2,09:16,00:44,605,6,R. Rojas Gonzalez,Rodrigo,Rojas Gonzalez,CD ILLAPEL BASQUETBOL,55,41,14,4,REGULAR,steal,1,,603,[]
2607028,2024-12-15,Final four,LNB 2,09:15,00:45,606,13,C. Ordonez Lucero,Cristobal J.,Ordonez Lucero,CORP. DEP. BOSTON COLLEGE,55,41,14,4,REGULAR,foul,1,personal,,[]
2607028,2024-12-15,Final four,LNB 2,09:15,00:45,607,29,F. Villagran Veliz,Fernando J.,Villagran Veliz,CD ILLAPEL BASQUETBOL,55,41,14,4,REGULAR,foulon,1,,606,[]
2607028,2024-12-15,Final four,LNB 2,09:05,00:55,610,22,H. Reyes Mosquera,Hebert J.,Reyes Mosquera,CORP. DEP. BOSTON COLLEGE,55,41,14,4,REGULAR,foul,1,personal,,"['shooting', '2freethrow']"
2607028,2024-12-15,Final four,LNB 2,09:05,00:55,611,15,A. Robinson Jr,Antone Dean,Robinson Jr,CD ILLAPEL BASQUETBOL,55,41,14,4,REGULAR,foulon,1,,610,[]
2607028,2024-12-15,Final four,LNB 2,09:05,00:55,612,22,H. Reyes Mosquera,Hebert J.,Reyes Mosquera,CORP. DEP. BOSTON COLLEGE,55,41,14,4,REGULAR,substitution,1,out,,[]
2607028,2024-12-15,Final four,LNB 2,09:05,00:55,613,55,A. Galaviz Diaz,Angel,Galaviz Diaz,CORP. DEP. BOSTON COLLEGE,55,41,14,4,REGULAR,substitution,1,in,,[]
2607028,2024-12-15,Final four,LNB 2,09:05,00:55,614,15,A. Robinson Jr,Antone Dean,Robinson Jr,CD ILLAPEL BASQUETBOL,55,41,14,4,REGULAR,freethrow,0,1of2,,['fromturnover']
2607028,2024-12-15,Final four,LNB 2,09:05,00:55,615,15,A. Robinson Jr,Antone Dean,Robinson Jr,CD ILLAPEL BASQUETBOL,55,41,14,4,REGULAR,freethrow,0,2of2,,['fromturnover']
2607028,2024-12-15,Final four,LNB 2,09:05,00:55,617,77,L. Marquez Dogliotti,Lucas,Marquez Dogliotti,CORP. DEP. BOSTON COLLEGE,55,41,14,4,REGULAR,rebound,1,defensive,615,[]
2607028,2024-12-15,Final four,LNB 2,08:52,01:08,618,23,V. Schulz Morend,Vicente H.,Schulz Morend,CORP. DEP. BOSTON COLLEGE,55,41,14,4,REGULAR,2pt,0,reverselayup,,['pointsinthepaint']
2607028,2024-12-15,Final four,LNB 2,08:51,01:09,620,55,A. Galaviz Diaz,Angel,Galaviz Diaz,CORP. DEP. BOSTON COLLEGE,55,41,14,4,REGULAR,rebound,1,offensive,618,[]
2607028,2024-12-15,Final four,LNB 2,08:51,01:09,621,5,E. Sepulveda Soto,Eduardo,Sepulveda Soto,CD ILLAPEL BASQUETBOL,55,41,14,4,REGULAR,foul,1,personal,,"['shooting', '2freethrow']"
2607028,2024-12-15,Final four,LNB 2,08:51,01:09,622,55,A. Galaviz Diaz,Angel,Galaviz Diaz,CORP. DEP. BOSTON COLLEGE,55,41,14,4,REGULAR,foulon,1,,621,[]
2607028,2024-12-15,Final four,LNB 2,08:51,01:09,623,55,A. Galaviz Diaz,Angel,Galaviz Diaz,CORP. DEP. BOSTON COLLEGE,55,42,13,4,REGULAR,freethrow,1,1of2,,['2ndchance']
2607028,2024-12-15,Final four,LNB 2,08:51,01:09,624,55,A. Galaviz Diaz,Angel,Galaviz Diaz,CORP. DEP. BOSTON COLLEGE,55,43,12,4,REGULAR,freethrow,1,2of2,,['2ndchance']
2607028,2024-12-15,Final four,LNB 2,08:48,01:12,626,15,A. Robinson Jr,Antone Dean,Robinson Jr,CD ILLAPEL BASQUETBOL,55,43,12,4,REGULAR,turnover,1,badpass,,[]
2607028,2024-12-15,Final four,LNB 2,08:48,01:12,627,13,C. Ordonez Lucero,Cristobal J.,Ordonez Lucero,CORP. DEP. BOSTON COLLEGE,55,43,12,4,REGULAR,steal,1,,626,[]
2607028,2024-12-15,Final four,LNB 2,08:33,01:27,628,13,C. Ordonez Lucero,Cristobal J.,Ordonez Lucero,CORP. DEP. BOSTON COLLEGE,55,45,10,4,REGULAR,2pt,1,drivinglayup,,"['fromturnover', 'pointsinthepaint']"
2607028,2024-12-15,Final four,LNB 2,08:15,01:45,629,11,S. Chialva Balut,Sergio,Chialva Balut,CD ILLAPEL BASQUETBOL,55,45,10,4,REGULAR,2pt,0,hookshot,,['pointsinthepaint']
2607028,2024-12-15,Final four,LNB 2,08:12,01:48,630,23,V. Schulz Morend,Vicente H.,Schulz Morend,CORP. DEP. BOSTON COLLEGE,55,45,10,4,REGULAR,rebound,1,defensive,629,[]
2607028,2024-12-15,Final four,LNB 2,08:05,01:55,631,13,C. Ordonez Lucero,Cristobal J.,Ordonez Lucero,CORP. DEP. BOSTON COLLEGE,55,45,10,4,REGULAR,3pt,0,jumpshot,,[]
2607028,2024-12-15,Final four,LNB 2,08:01,01:59,632,15,A. Robinson Jr,Antone Dean,Robinson Jr,CD ILLAPEL BASQUETBOL,55,45,10,4,REGULAR,rebound,1,defensive,631,[]
2607028,2024-12-15,Final four,LNB 2,07:58,02:02,634,6,R. Rojas Gonzalez,Rodrigo,Rojas Gonzalez,CD ILLAPEL BASQUETBOL,55,45,10,4,REGULAR,substitution,1,out,,[]
2607028,2024-12-15,Final four,LNB 2,07:58,02:02,635,29,F. Villagran Veliz,Fernando J.,Villagran Veliz,CD ILLAPEL BASQUETBOL,55,45,10,4,REGULAR,substitution,1,out,,[]
2607028,2024-12-15,Final four,LNB 2,07:58,02:02,636,9,F. Gonzalez Burgos,Felipe,Gonzalez Burgos,CD ILLAPEL BASQUETBOL,55,45,10,4,REGULAR,substitution,1,in,,[]
2607028,2024-12-15,Final four,LNB 2,07:58,02:02,637,13,M. Sepulveda Soto,Matias,Sepulveda Soto,CD ILLAPEL BASQUETBOL,55,45,10,4,REGULAR,substitution,1,in,,[]
2607028,2024-12-15,Final four,LNB 2,07:41,02:19,639,15,A. Robinson Jr,Antone Dean,Robinson Jr,CD ILLAPEL BASQUETBOL,55,45,10,4,REGULAR,2pt,0,layup,,['pointsinthepaint']
2607028,2024-12-15,Final four,LNB 2,07:38,02:22,640,11,S. Chialva Balut,Sergio,Chialva Balut,CD ILLAPEL BASQUETBOL,55,45,10,4,REGULAR,rebound,1,offensive,639,[]
2607028,2024-12-15,Final four,LNB 2,07:36,02:24,641,11,S. Chialva Balut,Sergio,Chialva Balut,CD ILLAPEL BASQUETBOL,55,45,10,4,REGULAR,2pt,0,drivinglayup,,"['2ndchance', 'pointsinthepaint']"
2607028,2024-12-15,Final four,LNB 2,07:34,02:26,642,55,A. Galaviz Diaz,Angel,Galaviz Diaz,CORP. DEP. BOSTON COLLEGE,55,45,10,4,REGULAR,rebound,1,defensive,641,[]
2607028,2024-12-15,Final four,LNB 2,07:20,02:40,643,77,L. Marquez Dogliotti,Lucas,Marquez Dogliotti,CORP. DEP. BOSTON COLLEGE,55,45,10,4,REGULAR,3pt,0,jumpshot,,[]
2607028,2024-12-15,Final four,LNB 2,07:13,02:47,644,5,E. Sepulveda Soto,Eduardo,Sepulveda Soto,CD ILLAPEL BASQUETBOL,55,45,10,4,REGULAR,rebound,1,defensive,643,[]
2607028,2024-12-15,Final four,LNB 2,07:08,02:52,646,15,A. Robinson Jr,Antone Dean,Robinson Jr,CD ILLAPEL BASQUETBOL,57,45,12,4,REGULAR,2pt,1,alleyoop,,['pointsinthepaint']
2607028,2024-12-15,Final four,LNB 2,07:08,02:52,647,13,M. Sepulveda Soto,Matias,Sepulveda Soto,CD ILLAPEL BASQUETBOL,57,45,12,4,REGULAR,assist,1,,646,[]
2607028,2024-12-15,Final four,LNB 2,07:07,02:53,648,77,L. Marquez Dogliotti,Lucas,Marquez Dogliotti,CORP. DEP. BOSTON COLLEGE,57,45,12,4,REGULAR,foul,1,personal,,"['shooting', '1freethrow']"
2607028,2024-12-15,Final four,LNB 2,07:07,02:53,649,15,A. Robinson Jr,Antone Dean,Robinson Jr,CD ILLAPEL BASQUETBOL,57,45,12,4,REGULAR,foulon,1,,648,[]
2607028,2024-12-15,Final four,LNB 2,07:07,02:53,650,77,L. Marquez Dogliotti,Lucas,Marquez Dogliotti,CORP. DEP. BOSTON COLLEGE,57,45,12,4,REGULAR,substitution,1,out,,[]
2607028,2024-12-15,Final four,LNB 2,07:07,02:53,651,5,R. Castellano Pinto,Rodrigo I.,Castellano Pinto,CORP. DEP. BOSTON COLLEGE,57,45,12,4,REGULAR,substitution,1,in,,[]
2607028,2024-12-15,Final four,LNB 2,07:07,02:53,652,15,A. Robinson Jr,Antone Dean,Robinson Jr,CD ILLAPEL BASQUETBOL,58,45,13,4,REGULAR,freethrow,1,1of1,,[]
2607028,2024-12-15,Final four,LNB 2,06:50,03:10,655,5,R. Castellano Pinto,Rodrigo I.,Castellano Pinto,CORP. DEP. BOSTON COLLEGE,58,45,13,4,REGULAR,turnover,1,outofbounds,,[]
2607028,2024-12-15,Final four,LNB 2,06:50,03:10,656,,,,,CORP. DEP. BOSTON COLLEGE,58,45,13,4,REGULAR,timeout,1,full,,[]
2607028,2024-12-15,Final four,LNB 2,06:39,03:21,658,5,E. Sepulveda Soto,Eduardo,Sepulveda Soto,CD ILLAPEL BASQUETBOL,61,45,16,4,REGULAR,3pt,1,jumpshot,,['fromturnover']
2607028,2024-12-15,Final four,LNB 2,06:39,03:21,659,13,M. Sepulveda Soto,Matias,Sepulveda Soto,CD ILLAPEL BASQUETBOL,61,45,16,4,REGULAR,assist,1,,658,[]
2607028,2024-12-15,Final four,LNB 2,06:23,03:37,661,9,F. Gonzalez Burgos,Felipe,Gonzalez Burgos,CD ILLAPEL BASQUETBOL,61,45,16,4,REGULAR,foul,1,personal,,[]
2607028,2024-12-15,Final four,LNB 2,06:23,03:37,662,5,R. Castellano Pinto,Rodrigo I.,Castellano Pinto,CORP. DEP. BOSTON COLLEGE,61,45,16,4,REGULAR,foulon,1,,661,[]
2607028,2024-12-15,Final four,LNB 2,06:10,03:50,665,13,C. Ordonez Lucero,Cristobal J.,Ordonez Lucero,CORP. DEP. BOSTON COLLEGE,61,45,16,4,REGULAR,turnover,1,travel,,[]
2607028,2024-12-15,Final four,LNB 2,05:56,04:04,667,11,S. Chialva Balut,Sergio,Chialva Balut,CD ILLAPEL BASQUETBOL,63,45,18,4,REGULAR,2pt,1,layup,,"['fromturnover', 'pointsinthepaint']"
2607028,2024-12-15,Final four,LNB 2,05:56,04:04,668,9,F. Gonzalez Burgos,Felipe,Gonzalez Burgos,CD ILLAPEL BASQUETBOL,63,45,18,4,REGULAR,assist,1,,667,[]
2607028,2024-12-15,Final four,LNB 2,05:47,04:13,669,7,G. Soto Contreras,Gabriel A.,Soto Contreras,CORP. DEP. BOSTON COLLEGE,63,45,18,4,REGULAR,3pt,0,jumpshot,,[]
2607028,2024-12-15,Final four,LNB 2,05:44,04:16,670,55,A. Galaviz Diaz,Angel,Galaviz Diaz,CORP. DEP. BOSTON COLLEGE,63,45,18,4,REGULAR,rebound,1,offensive,669,[]
2607028,2024-12-15,Final four,LNB 2,05:43,04:17,671,55,A. Galaviz Diaz,Angel,Galaviz Diaz,CORP. DEP. BOSTON COLLEGE,63,45,18,4,REGULAR,2pt,0,layup,,"['2ndchance', 'pointsinthepaint']"
2607028,2024-12-15,Final four,LNB 2,05:41,04:19,672,13,M. Sepulveda Soto,Matias,Sepulveda Soto,CD ILLAPEL BASQUETBOL,63,45,18,4,REGULAR,rebound,1,defensive,671,[]
2607028,2024-12-15,Final four,LNB 2,05:30,04:30,673,15,A. Robinson Jr,Antone Dean,Robinson Jr,CD ILLAPEL BASQUETBOL,63,45,18,4,REGULAR,3pt,0,jumpshot,,[]
2607028,2024-12-15,Final four,LNB 2,05:27,04:33,674,23,V. Schulz Morend,Vicente H.,Schulz Morend,CORP. DEP. BOSTON COLLEGE,63,45,18,4,REGULAR,rebound,1,defensive,673,[]
2607028,2024-12-15,Final four,LNB 2,05:10,04:50,675,55,A. Galaviz Diaz,Angel,Galaviz Diaz,CORP. DEP. BOSTON COLLEGE,63,45,18,4,REGULAR,3pt,0,stepbackjumpshot,,[]
2607028,2024-12-15,Final four,LNB 2,05:06,04:54,676,13,M. Sepulveda Soto,Matias,Sepulveda Soto,CD ILLAPEL BASQUETBOL,63,45,18,4,REGULAR,rebound,1,defensive,675,[]
2607028,2024-12-15,Final four,LNB 2,04:52,05:08,677,13,M. Sepulveda Soto,Matias,Sepulveda Soto,CD ILLAPEL BASQUETBOL,63,45,18,4,REGULAR,3pt,0,jumpshot,,[]
2607028,2024-12-15,Final four,LNB 2,04:50,05:10,678,13,C. Ordonez Lucero,Cristobal J.,Ordonez Lucero,CORP. DEP. BOSTON COLLEGE,63,45,18,4,REGULAR,rebound,1,defensive,677,[]
2607028,2024-12-15,Final four,LNB 2,04:43,05:17,681,5,R. Castellano Pinto,Rodrigo I.,Castellano Pinto,CORP. DEP. BOSTON COLLEGE,63,45,18,4,REGULAR,turnover,1,badpass,,[]
2607028,2024-12-15,Final four,LNB 2,04:43,05:17,682,9,F. Gonzalez Burgos,Felipe,Gonzalez Burgos,CD ILLAPEL BASQUETBOL,63,45,18,4,REGULAR,steal,1,,681,[]
2607028,2024-12-15,Final four,LNB 2,04:27,05:33,683,9,F. Gonzalez Burgos,Felipe,Gonzalez Burgos,CD ILLAPEL BASQUETBOL,63,45,18,4,REGULAR,turnover,1,badpass,,[]
2607028,2024-12-15,Final four,LNB 2,04:27,05:33,684,23,V. Schulz Morend,Vicente H.,Schulz Morend,CORP. DEP. BOSTON COLLEGE,63,45,18,4,REGULAR,steal,1,,683,[]
2607028,2024-12-15,Final four,LNB 2,04:21,05:39,686,23,V. Schulz Morend,Vicente H.,Schulz Morend,CORP. DEP. BOSTON COLLEGE,63,45,18,4,REGULAR,foul,1,offensive,,[]
2607028,2024-12-15,Final four,LNB 2,04:21,05:39,687,23,V. Schulz Morend,Vicente H.,Schulz Morend,CORP. DEP. BOSTON COLLEGE,63,45,18,4,REGULAR,turnover,1,offensive,686,[]
2607028,2024-12-15,Final four,LNB 2,04:21,05:39,688,9,F. Gonzalez Burgos,Felipe,Gonzalez Burgos,CD ILLAPEL BASQUETBOL,63,45,18,4,REGULAR,foulon,1,,686,[]
2607028,2024-12-15,Final four,LNB 2,04:21,05:39,689,5,R. Castellano Pinto,Rodrigo I.,Castellano Pinto,CORP. DEP. BOSTON COLLEGE,63,45,18,4,REGULAR,substitution,1,out,,[]
2607028,2024-12-15,Final four,LNB 2,04:21,05:39,690,15,F. Martinez Maury,Francisco,Martinez Maury,CORP. DEP. BOSTON COLLEGE,63,45,18,4,REGULAR,substitution,1,in,,[]
2607028,2024-12-15,Final four,LNB 2,04:21,05:39,691,,,,,CORP. DEP. BOSTON COLLEGE,63,45,18,4,REGULAR,timeout,1,full,,[]
2607028,2024-12-15,Final four,LNB 2,04:21,05:39,692,23,V. Schulz Morend,Vicente H.,Schulz Morend,CORP. DEP. BOSTON COLLEGE,63,45,18,4,REGULAR,substitution,1,out,,[]
2607028,2024-12-15,Final four,LNB 2,04:21,05:39,693,16,I. Pacheco Munoz,Ivan,Pacheco Munoz,CORP. DEP. BOSTON COLLEGE,63,45,18,4,REGULAR,substitution,1,in,,[]
2607028,2024-12-15,Final four,LNB 2,04:08,05:52,696,55,A. Galaviz Diaz,Angel,Galaviz Diaz,CORP. DEP. BOSTON COLLEGE,63,45,18,4,REGULAR,foul,1,personal,,"['shooting', '2freethrow']"
2607028,2024-12-15,Final four,LNB 2,04:08,05:52,697,11,S. Chialva Balut,Sergio,Chialva Balut,CD ILLAPEL BASQUETBOL,63,45,18,4,REGULAR,foulon,1,,696,[]
2607028,2024-12-15,Final four,LNB 2,04:08,05:52,698,11,S. Chialva Balut,Sergio,Chialva Balut,CD ILLAPEL BASQUETBOL,63,45,18,4,REGULAR,freethrow,0,1of2,,['fromturnover']
2607028,2024-12-15,Final four,LNB 2,04:08,05:52,699,11,S. Chialva Balut,Sergio,Chialva Balut,CD ILLAPEL BASQUETBOL,64,45,19,4,REGULAR,freethrow,1,2of2,,['fromturnover']
2607028,2024-12-15,Final four,LNB 2,04:08,05:52,700,5,E. Sepulveda Soto,Eduardo,Sepulveda Soto,CD ILLAPEL BASQUETBOL,64,45,19,4,REGULAR,assist,1,,699,[]
2607028,2024-12-15,Final four,LNB 2,03:55,06:05,702,13,C. Ordonez Lucero,Cristobal J.,Ordonez Lucero,CORP. DEP. BOSTON COLLEGE,64,45,19,4,REGULAR,turnover,1,ballhandling,,[]
2607028,2024-12-15,Final four,LNB 2,03:55,06:05,703,9,F. Gonzalez Burgos,Felipe,Gonzalez Burgos,CD ILLAPEL BASQUETBOL,64,45,19,4,REGULAR,steal,1,,702,[]
2607028,2024-12-15,Final four,LNB 2,03:48,06:12,704,13,M. Sepulveda Soto,Matias,Sepulveda Soto,CD ILLAPEL BASQUETBOL,64,45,19,4,REGULAR,3pt,0,jumpshot,,['fromturnover']
2607028,2024-12-15,Final four,LNB 2,03:44,06:16,706,,,,,CD ILLAPEL BASQUETBOL,64,45,19,4,REGULAR,rebound,1,offensive,704,['team']
2607028,2024-12-15,Final four,LNB 2,03:36,06:24,710,5,E. Sepulveda Soto,Eduardo,Sepulveda Soto,CD ILLAPEL BASQUETBOL,64,45,19,4,REGULAR,turnover,1,travel,,[]
2607028,2024-12-15,Final four,LNB 2,03:20,06:40,713,15,F. Martinez Maury,Francisco,Martinez Maury,CORP. DEP. BOSTON COLLEGE,64,48,16,4,REGULAR,3pt,1,pullupjumpshot,,['fromturnover']
2607028,2024-12-15,Final four,LNB 2,02:57,07:03,714,13,M. Sepulveda Soto,Matias,Sepulveda Soto,CD ILLAPEL BASQUETBOL,66,48,18,4,REGULAR,2pt,1,floatingjumpshot,,[]
2607028,2024-12-15,Final four,LNB 2,02:47,07:13,715,15,F. Martinez Maury,Francisco,Martinez Maury,CORP. DEP. BOSTON COLLEGE,66,48,18,4,REGULAR,3pt,0,jumpshot,,[]
2607028,2024-12-15,Final four,LNB 2,02:43,07:17,716,5,E. Sepulveda Soto,Eduardo,Sepulveda Soto,CD ILLAPEL BASQUETBOL,66,48,18,4,REGULAR,rebound,1,defensive,715,[]
2607028,2024-12-15,Final four,LNB 2,02:34,07:26,717,13,M. Sepulveda Soto,Matias,Sepulveda Soto,CD ILLAPEL BASQUETBOL,66,48,18,4,REGULAR,2pt,0,layup,,['pointsinthepaint']
2607028,2024-12-15,Final four,LNB 2,02:30,07:30,718,13,C. Ordonez Lucero,Cristobal J.,Ordonez Lucero,CORP. DEP. BOSTON COLLEGE,66,48,18,4,REGULAR,rebound,1,defensive,717,[]
2607028,2024-12-15,Final four,LNB 2,02:27,07:33,719,7,G. Soto Contreras,Gabriel A.,Soto Contreras,CORP. DEP. BOSTON COLLEGE,66,51,15,4,REGULAR,3pt,1,pullupjumpshot,,[]
2607028,2024-12-15,Final four,LNB 2,02:16,07:44,720,15,A. Robinson Jr,Antone Dean,Robinson Jr,CD ILLAPEL BASQUETBOL,66,51,15,4,REGULAR,2pt,0,layup,,['pointsinthepaint']
2607028,2024-12-15,Final four,LNB 2,02:13,07:47,721,11,S. Chialva Balut,Sergio,Chialva Balut,CD ILLAPEL BASQUETBOL,66,51,15,4,REGULAR,rebound,1,offensive,720,[]
2607028,2024-12-15,Final four,LNB 2,02:05,07:55,723,15,F. Martinez Maury,Francisco,Martinez Maury,CORP. DEP. BOSTON COLLEGE,66,51,15,4,REGULAR,foul,1,unsportsmanlike,,['2freethrow']
2607028,2024-12-15,Final four,LNB 2,02:05,07:55,724,9,F. Gonzalez Burgos,Felipe,Gonzalez Burgos,CD ILLAPEL BASQUETBOL,66,51,15,4,REGULAR,foulon,1,,723,[]
2607028,2024-12-15,Final four,LNB 2,02:05,07:55,725,13,M. Sepulveda Soto,Matias,Sepulveda Soto,CD ILLAPEL BASQUETBOL,66,51,15,4,REGULAR,substitution,1,out,,[]
2607028,2024-12-15,Final four,LNB 2,02:05,07:55,726,6,R. Rojas Gonzalez,Rodrigo,Rojas Gonzalez,CD ILLAPEL BASQUETBOL,66,51,15,4,REGULAR,substitution,1,in,,[]
2607028,2024-12-15,Final four,LNB 2,02:05,07:55,727,9,F. Gonzalez Burgos,Felipe,Gonzalez Burgos,CD ILLAPEL BASQUETBOL,66,51,15,4,REGULAR,freethrow,0,1of2,,['2ndchance']
2607028,2024-12-15,Final four,LNB 2,02:05,07:55,728,9,F. Gonzalez Burgos,Felipe,Gonzalez Burgos,CD ILLAPEL BASQUETBOL,67,51,16,4,REGULAR,freethrow,1,2of2,,['2ndchance']
2607028,2024-12-15,Final four,LNB 2,02:05,07:55,729,13,C. Ordonez Lucero,Cristobal J.,Ordonez Lucero,CORP. DEP. BOSTON COLLEGE,67,51,16,4,REGULAR,substitution,1,out,,[]
2607028,2024-12-15,Final four,LNB 2,02:05,07:55,730,24,A. Guarda Colipan,Alexander,Guarda Colipan,CORP. DEP. BOSTON COLLEGE,67,51,16,4,REGULAR,substitution,1,in,,[]
2607028,2024-12-15,Final four,LNB 2,02:05,07:55,731,9,F. Gonzalez Burgos,Felipe,Gonzalez Burgos,CD ILLAPEL BASQUETBOL,67,51,16,4,REGULAR,substitution,1,out,,[]
2607028,2024-12-15,Final four,LNB 2,02:05,07:55,732,29,F. Villagran Veliz,Fernando J.,Villagran Veliz,CD ILLAPEL BASQUETBOL,67,51,16,4,REGULAR,substitution,1,in,,[]
2607028,2024-12-15,Final four,LNB 2,01:54,08:06,735,29,F. Villagran Veliz,Fernando J.,Villagran Veliz,CD ILLAPEL BASQUETBOL,67,51,16,4,REGULAR,turnover,1,travel,,[]
2607028,2024-12-15,Final four,LNB 2,01:38,08:22,737,24,A. Guarda Colipan,Alexander,Guarda Colipan,CORP. DEP. BOSTON COLLEGE,67,51,16,4,REGULAR,2pt,0,layup,,"['fromturnover', 'pointsinthepaint', 'blocked']"
2607028,2024-12-15,Final four,LNB 2,01:38,08:22,738,11,S. Chialva Balut,Sergio,Chialva Balut,CD ILLAPEL BASQUETBOL,67,51,16,4,REGULAR,block,1,,737,[]
2607028,2024-12-15,Final four,LNB 2,01:34,08:26,739,7,G. Soto Contreras,Gabriel A.,Soto Contreras,CORP. DEP. BOSTON COLLEGE,67,51,16,4,REGULAR,rebound,1,offensive,737,[]
2607028,2024-12-15,Final four,LNB 2,01:33,08:27,740,7,G. Soto Contreras,Gabriel A.,Soto Contreras,CORP. DEP. BOSTON COLLEGE,67,51,16,4,REGULAR,2pt,0,layup,,"['2ndchance', 'fromturnover', 'pointsinthepaint']"
2607028,2024-12-15,Final four,LNB 2,01:31,08:29,741,11,S. Chialva Balut,Sergio,Chialva Balut,CD ILLAPEL BASQUETBOL,67,51,16,4,REGULAR,rebound,1,defensive,740,[]
2607028,2024-12-15,Final four,LNB 2,01:28,08:32,742,15,A. Robinson Jr,Antone Dean,Robinson Jr,CD ILLAPEL BASQUETBOL,67,51,16,4,REGULAR,2pt,0,layup,,"['pointsinthepaint', 'blocked']"
2607028,2024-12-15,Final four,LNB 2,01:28,08:32,743,15,F. Martinez Maury,Francisco,Martinez Maury,CORP. DEP. BOSTON COLLEGE,67,51,16,4,REGULAR,block,1,,742,[]
2607028,2024-12-15,Final four,LNB 2,01:24,08:36,744,15,A. Robinson Jr,Antone Dean,Robinson Jr,CD ILLAPEL BASQUETBOL,67,51,16,4,REGULAR,rebound,1,offensive,742,[]
2607028,2024-12-15,Final four,LNB 2,01:24,08:36,746,15,A. Robinson Jr,Antone Dean,Robinson Jr,CD ILLAPEL BASQUETBOL,67,51,16,4,REGULAR,turnover,1,badpass,,[]
2607028,2024-12-15,Final four,LNB 2,01:18,08:42,748,7,G. Soto Contreras,Gabriel A.,Soto Contreras,CORP. DEP. BOSTON COLLEGE,67,51,16,4,REGULAR,3pt,0,jumpshot,,['fromturnover']
2607028,2024-12-15,Final four,LNB 2,01:14,08:46,749,11,S. Chialva Balut,Sergio,Chialva Balut,CD ILLAPEL BASQUETBOL,67,51,16,4,REGULAR,rebound,1,defensive,748,[]
2607028,2024-12-15,Final four,LNB 2,00:58,09:02,752,6,R. Rojas Gonzalez,Rodrigo,Rojas Gonzalez,CD ILLAPEL BASQUETBOL,67,51,16,4,REGULAR,3pt,0,pullupjumpshot,,[]
2607028,2024-12-15,Final four,LNB 2,00:52,09:08,753,15,F. Martinez Maury,Francisco,Martinez Maury,CORP. DEP. BOSTON COLLEGE,67,51,16,4,REGULAR,rebound,1,defensive,752,[]
2607028,2024-12-15,Final four,LNB 2,00:48,09:12,754,16,I. Pacheco Munoz,Ivan,Pacheco Munoz,CORP. DEP. BOSTON COLLEGE,67,51,16,4,REGULAR,3pt,0,pullupjumpshot,,[]
2607028,2024-12-15,Final four,LNB 2,00:45,09:15,755,15,A. Robinson Jr,Antone Dean,Robinson Jr,CD ILLAPEL BASQUETBOL,67,51,16,4,REGULAR,rebound,1,defensive,754,[]
2607028,2024-12-15,Final four,LNB 2,00:00,10:00,757,,,,,,67,51,16,4,REGULAR,period,1,end,,['confirmed']
2607028,2024-12-15,Final four,LNB 2,00:00,10:00,758,,,,,,67,51,16,4,REGULAR,game,1,end,,['confirmed']
